dataset,embedding_dim,epsilon,contaminated_percentage,train_test_split_rate,error,violated_constraints,use_additive_weights
RANDOM_DATASET,1,0.125,0.0,0.3,0.0558868349566024,37856
RANDOM_DATASET,2,0.125,0.0,0.3,0.047306698469489164,36849
RANDOM_DATASET,1,0.125,0.0,0.3,0.06590094766098517,41651
RANDOM_DATASET,2,0.125,0.0,0.3,0.05481699762247597,40453
RANDOM_DATASET,1,0.125,0.1,0.3,0.08746558758167766,45749
RANDOM_DATASET,2,0.125,0.1,0.3,0.08448041394407775,45460
RANDOM_DATASET,1,0.125,0.15,0.3,0.11041325627234157,44778
RANDOM_DATASET,2,0.125,0.15,0.3,0.10443323422309825,44107
RANDOM_DATASET,1,0.125,0.2,0.3,0.12485838053982005,47421
RANDOM_DATASET,2,0.125,0.2,0.3,0.12069310229923359,46809
RANDOM_DATASET,1,0.125,0.25,0.3,0.14291905587411655,49901
RANDOM_DATASET,2,0.125,0.25,0.3,0.1401853580477397,49424
RANDOM_DATASET,1,0.1111111111111111,0.0,0.3,0.061161670235546035,41287
RANDOM_DATASET,2,0.1111111111111111,0.0,0.3,0.048782119914346896,40012
RANDOM_DATASET,1,0.1111111111111111,0.1,0.3,0.10030709660190934,44230
RANDOM_DATASET,2,0.1111111111111111,0.1,0.3,0.09126109887175379,43259
RANDOM_DATASET,1,0.1111111111111111,0.15,0.3,0.10658212560386474,49014
RANDOM_DATASET,2,0.1111111111111111,0.15,0.3,0.100979602791197,48280
RANDOM_DATASET,1,0.1111111111111111,0.2,0.3,0.139629567829134,44419
RANDOM_DATASET,2,0.1111111111111111,0.2,0.3,0.13429000500584015,43706
RANDOM_DATASET,1,0.1111111111111111,0.25,0.3,0.1422810291961072,49691
RANDOM_DATASET,2,0.1111111111111111,0.25,0.3,0.14028129582722304,49154
RANDOM_DATASET,1,0.125,0.0,0.5,0.059271430288943217,31939
RANDOM_DATASET,2,0.125,0.0,0.5,0.05071534484831483,31332
RANDOM_DATASET,1,0.125,0.1,0.5,0.08588883324987481,33287
RANDOM_DATASET,2,0.125,0.1,0.5,0.08170255383074612,32842
RANDOM_DATASET,1,0.125,0.15,0.5,0.10665414810523582,33456
RANDOM_DATASET,2,0.125,0.15,0.5,0.10030164406000919,32866
RANDOM_DATASET,1,0.125,0.2,0.5,0.13328781976627443,34234
RANDOM_DATASET,2,0.125,0.2,0.5,0.1290309626119433,33658
RANDOM_DATASET,1,0.125,0.25,0.5,0.12988521864545982,36119
RANDOM_DATASET,2,0.125,0.25,0.5,0.12776186374471665,35821
RANDOM_DATASET,1,0.1111111111111111,0.0,0.5,0.06968773800456969,32053
RANDOM_DATASET,2,0.1111111111111111,0.0,0.5,0.05774241391750511,31229
RANDOM_DATASET,1,0.1111111111111111,0.1,0.5,0.08701036693765855,34359
RANDOM_DATASET,2,0.1111111111111111,0.1,0.5,0.08049857179953258,33927
RANDOM_DATASET,1,0.1111111111111111,0.15,0.5,0.10764684597756603,32047
RANDOM_DATASET,2,0.1111111111111111,0.15,0.5,0.10362642222490251,31688
RANDOM_DATASET,1,0.1111111111111111,0.2,0.5,0.11774808779182394,34804
RANDOM_DATASET,2,0.1111111111111111,0.2,0.5,0.11439298624008946,34515
RANDOM_DATASET,1,0.1111111111111111,0.25,0.5,0.13809134260460104,35879
RANDOM_DATASET,2,0.1111111111111111,0.25,0.5,0.13567708852930027,35605
MNIST_DATASET,1,0.125,0.1,0.3,0.1002107234839616,44488
MNIST_DATASET,2,0.125,0.1,0.3,0.09238385122253069,43583
MNIST_DATASET,1,0.125,0.15,0.3,0.10970111871764902,45207
MNIST_DATASET,2,0.125,0.15,0.3,0.10415762230756387,44528
MNIST_DATASET,1,0.125,0.2,0.3,0.13154134963617636,47301
MNIST_DATASET,2,0.125,0.2,0.3,0.12562713891750008,46628
MNIST_DATASET,1,0.125,0.25,0.3,0.1477348434377082,47903
MNIST_DATASET,2,0.125,0.25,0.3,0.14516988674217188,47421
MNIST_DATASET,1,0.1111111111111111,0.0,0.3,0.07273635153129161,44981
MNIST_DATASET,2,0.1111111111111111,0.0,0.3,0.06155126498002663,43974
MNIST_DATASET,1,0.1111111111111111,0.1,0.3,0.10090987011274477,43768
MNIST_DATASET,2,0.1111111111111111,0.1,0.3,0.09072328080701524,42782
MNIST_DATASET,1,0.1111111111111111,0.15,0.3,0.1172775220882185,43975
MNIST_DATASET,2,0.1111111111111111,0.15,0.3,0.11096180333926832,43246
MNIST_DATASET,1,0.1111111111111111,0.2,0.3,0.12526404023470242,47628
MNIST_DATASET,2,0.1111111111111111,0.2,0.3,0.12006705783738475,47121
MNIST_DATASET,1,0.1111111111111111,0.25,0.3,0.13014832472520196,51006
MNIST_DATASET,2,0.1111111111111111,0.25,0.3,0.12832737385776719,50654
MNIST_DATASET,1,0.125,0.0,0.5,0.05595834167834969,31783
MNIST_DATASET,2,0.125,0.0,0.5,0.04844782695774084,31187
MNIST_DATASET,1,0.125,0.1,0.5,0.0967838653580923,32536
MNIST_DATASET,2,0.125,0.1,0.5,0.0882488156869016,31831
MNIST_DATASET,1,0.125,0.15,0.5,0.11613758207336908,31273
MNIST_DATASET,2,0.125,0.15,0.5,0.11095717125474369,30877
MNIST_DATASET,1,0.125,0.2,0.5,0.11840558046836074,34682
MNIST_DATASET,2,0.125,0.2,0.5,0.11418036870951669,34333
MNIST_DATASET,1,0.125,0.25,0.5,0.11668560266299906,37785
MNIST_DATASET,2,0.125,0.25,0.5,0.11556937551077359,37590
MNIST_DATASET,1,0.1111111111111111,0.0,0.5,0.06254007694773966,33031
MNIST_DATASET,2,0.1111111111111111,0.0,0.5,0.05177941647964091,32256
MNIST_DATASET,1,0.1111111111111111,0.1,0.5,0.08562929244529628,32637
MNIST_DATASET,2,0.1111111111111111,0.1,0.5,0.08165628493850823,32382
MNIST_DATASET,1,0.1111111111111111,0.15,0.5,0.09728883626658104,36380
MNIST_DATASET,2,0.1111111111111111,0.15,0.5,0.09397764443820111,36104
MNIST_DATASET,1,0.1111111111111111,0.2,0.5,0.1311537540892045,33396
MNIST_DATASET,2,0.1111111111111111,0.2,0.5,0.12658581345248543,32964
MNIST_DATASET,1,0.1111111111111111,0.25,0.5,0.13317288407541114,36286
MNIST_DATASET,2,0.1111111111111111,0.25,0.5,0.13208985158443642,36037
MNIST_DATASET,1,0.125,0.0,0.3,0.054415402099070795,39329
MNIST_DATASET,2,0.125,0.0,0.3,0.04508991242730129,38280
MNIST_DATASET,1,0.125,0.0,0.3,0.06160348786900523,41184
MNIST_DATASET,2,0.125,0.0,0.3,0.05348287682630545,40353
MNIST_DATASET,1,0.125,0.0,0.3,0.06294082085040639,39962
MNIST_DATASET,2,0.125,0.0,0.3,0.05118559817290253,38672
MNIST_DATASET,1,0.125,0.0,0.3,0.0634322132870633,37644
MNIST_DATASET,2,0.125,0.0,0.3,0.04875037538790083,36249
MNIST_DATASET,1,0.125,0.0,0.3,0.06644662265786491,39483
MNIST_DATASET,2,0.125,0.0,0.3,0.053744082149763284,38292
MNIST_DATASET,1,0.125,0.1,0.3,0.09131581583252646,44049
MNIST_DATASET,2,0.125,0.1,0.3,0.08383693365830858,43127
MNIST_DATASET,1,0.125,0.1,0.3,0.09167443098629043,45065
MNIST_DATASET,2,0.125,0.1,0.3,0.08631705044589379,44362
MNIST_DATASET,1,0.125,0.1,0.3,0.10521768029245597,43350
MNIST_DATASET,2,0.125,0.1,0.3,0.09591226321036889,42306
MNIST_DATASET,1,0.125,0.1,0.3,0.1006411112595165,45001
MNIST_DATASET,2,0.125,0.1,0.3,0.09232669961266195,44078
MNIST_DATASET,1,0.125,0.1,0.3,0.11167427497314715,42618
MNIST_DATASET,2,0.125,0.1,0.3,0.10486036519871106,41627
MNIST_DATASET,1,0.125,0.15,0.3,0.10970393637639511,47238
MNIST_DATASET,2,0.125,0.15,0.3,0.10582770834725656,46798
MNIST_DATASET,1,0.125,0.15,0.3,0.12502476064707824,45777
MNIST_DATASET,2,0.125,0.15,0.3,0.11762958071970947,44933
MNIST_DATASET,1,0.125,0.15,0.3,0.11782810879528956,44547
MNIST_DATASET,2,0.125,0.15,0.3,0.10906292864072797,43587
MNIST_DATASET,1,0.125,0.15,0.3,0.12131825611261216,44105
MNIST_DATASET,2,0.125,0.15,0.3,0.11541412321958705,43372
MNIST_DATASET,1,0.125,0.15,0.3,0.11636314943760043,42484
MNIST_DATASET,2,0.125,0.15,0.3,0.11271424745581146,41921
MNIST_DATASET,1,0.125,0.2,0.3,0.12917617066952905,46320
MNIST_DATASET,2,0.125,0.2,0.3,0.12833758218167182,45834
MNIST_DATASET,1,0.125,0.2,0.3,0.13010727376668796,47623
MNIST_DATASET,2,0.125,0.2,0.3,0.12476039950230353,46909
MNIST_DATASET,1,0.125,0.2,0.3,0.14216160336145664,45858
MNIST_DATASET,2,0.125,0.2,0.3,0.13742621802781205,45222
MNIST_DATASET,1,0.125,0.2,0.3,0.11911218238425228,48629
MNIST_DATASET,2,0.125,0.2,0.3,0.11462622610558736,48054
MNIST_DATASET,1,0.125,0.2,0.3,0.12929454496984238,46318
MNIST_DATASET,2,0.125,0.2,0.3,0.12756173148055583,45755
MNIST_DATASET,1,0.125,0.25,0.3,0.15882922270800653,45830
MNIST_DATASET,2,0.125,0.25,0.3,0.15642625905283183,45352
MNIST_DATASET,1,0.125,0.25,0.3,0.15134970157352143,48196
MNIST_DATASET,2,0.125,0.25,0.3,0.14870455778621813,47624
MNIST_DATASET,1,0.125,0.25,0.3,0.14957377915813125,49488
MNIST_DATASET,2,0.125,0.25,0.3,0.14762439701315008,49023
MNIST_DATASET,1,0.125,0.25,0.3,0.1395279255319149,49396
MNIST_DATASET,2,0.125,0.25,0.3,0.1359375,49022
MNIST_DATASET,1,0.125,0.25,0.3,0.13397968300188612,50693
MNIST_DATASET,2,0.125,0.25,0.3,0.13126633797690349,50322
MNIST_DATASET,1,0.1111111111111111,0.0,0.3,0.06427145708582835,43832
MNIST_DATASET,2,0.1111111111111111,0.0,0.3,0.055854956753160344,42916
MNIST_DATASET,1,0.1111111111111111,0.0,0.3,0.05558501823002983,44951
MNIST_DATASET,2,0.1111111111111111,0.0,0.3,0.04859131587669871,44382
MNIST_DATASET,1,0.1111111111111111,0.0,0.3,0.06657332399906657,39059
MNIST_DATASET,2,0.1111111111111111,0.0,0.3,0.05300530053005301,37812
MNIST_DATASET,1,0.1111111111111111,0.0,0.3,0.06648448695304429,39878
MNIST_DATASET,2,0.1111111111111111,0.0,0.3,0.05315426400506548,38668
MNIST_DATASET,1,0.1111111111111111,0.0,0.3,0.058162656591767746,40306
MNIST_DATASET,2,0.1111111111111111,0.0,0.3,0.048054616557300985,39222
MNIST_DATASET,1,0.1111111111111111,0.1,0.3,0.09552308669631214,43378
MNIST_DATASET,2,0.1111111111111111,0.1,0.3,0.08756561570095958,42626
MNIST_DATASET,1,0.1111111111111111,0.1,0.3,0.10232000798854975,44955
MNIST_DATASET,2,0.1111111111111111,0.1,0.3,0.09256732017441667,44039
MNIST_DATASET,1,0.1111111111111111,0.1,0.3,0.10722975900803307,44437
MNIST_DATASET,2,0.1111111111111111,0.1,0.3,0.100763307889737,43710
MNIST_DATASET,1,0.1111111111111111,0.1,0.3,0.10055622570700978,42499
MNIST_DATASET,2,0.1111111111111111,0.1,0.3,0.09207880981101729,41526
MNIST_DATASET,1,0.1111111111111111,0.1,0.3,0.10124826629680998,41805
MNIST_DATASET,2,0.1111111111111111,0.1,0.3,0.09352090350703388,41064
MNIST_DATASET,1,0.1111111111111111,0.15,0.3,0.10943003790801435,48283
MNIST_DATASET,2,0.1111111111111111,0.15,0.3,0.10530376731859506,47847
MNIST_DATASET,1,0.1111111111111111,0.15,0.3,0.11817295734883877,42726
MNIST_DATASET,2,0.1111111111111111,0.15,0.3,0.11091318522501932,42038
MNIST_DATASET,1,0.1111111111111111,0.15,0.3,0.10600895662054675,48105
MNIST_DATASET,2,0.1111111111111111,0.15,0.3,0.10122986431388276,47641
MNIST_DATASET,1,0.1111111111111111,0.15,0.3,0.12408247697851328,45915
MNIST_DATASET,2,0.1111111111111111,0.15,0.3,0.11647537701855065,45122
MNIST_DATASET,1,0.1111111111111111,0.15,0.3,0.12350051792695559,45216
MNIST_DATASET,2,0.1111111111111111,0.15,0.3,0.1171517358906673,44438
MNIST_DATASET,1,0.1111111111111111,0.2,0.3,0.11857047428189713,49030
MNIST_DATASET,2,0.1111111111111111,0.2,0.3,0.11529726118904475,48553
MNIST_DATASET,1,0.1111111111111111,0.2,0.3,0.130316923797731,45739
MNIST_DATASET,2,0.1111111111111111,0.2,0.3,0.12610019744988454,45064
MNIST_DATASET,1,0.1111111111111111,0.2,0.3,0.13686563678222283,46849
MNIST_DATASET,2,0.1111111111111111,0.2,0.3,0.13176070201194487,46195
MNIST_DATASET,1,0.1111111111111111,0.2,0.3,0.1293655509341784,48936
MNIST_DATASET,2,0.1111111111111111,0.2,0.3,0.1246781540899188,48317
MNIST_DATASET,1,0.1111111111111111,0.2,0.3,0.1276906723359022,45743
MNIST_DATASET,2,0.1111111111111111,0.2,0.3,0.12284081849588095,45067
MNIST_DATASET,1,0.1111111111111111,0.25,0.3,0.14001530221882172,50650
MNIST_DATASET,2,0.1111111111111111,0.25,0.3,0.1350254482552144,50088
MNIST_DATASET,1,0.1111111111111111,0.25,0.3,0.1486838588989845,47783
MNIST_DATASET,2,0.1111111111111111,0.25,0.3,0.14928514163548903,47518
MNIST_DATASET,1,0.1111111111111111,0.25,0.3,0.15466320380914328,47015
MNIST_DATASET,2,0.1111111111111111,0.25,0.3,0.1501348516631705,46355
MNIST_DATASET,1,0.1111111111111111,0.25,0.3,0.14962221633085895,48446
MNIST_DATASET,2,0.1111111111111111,0.25,0.3,0.1448170731707317,47811
MNIST_DATASET,1,0.1111111111111111,0.25,0.3,0.1468672352427641,48249
MNIST_DATASET,2,0.1111111111111111,0.25,0.3,0.1441138942985696,47654
MNIST_DATASET,1,0.125,0.0,0.5,0.05040314493160576,30409
MNIST_DATASET,2,0.125,0.0,0.5,0.04215973364354768,29801
MNIST_DATASET,1,0.125,0.0,0.5,0.05649199098362291,29332
MNIST_DATASET,2,0.125,0.0,0.5,0.04611916778041531,28673
MNIST_DATASET,1,0.125,0.0,0.5,0.06200413762628799,30560
MNIST_DATASET,2,0.125,0.0,0.5,0.04842629602104967,29562
MNIST_DATASET,1,0.125,0.0,0.5,0.05226883391099956,30738
MNIST_DATASET,2,0.125,0.0,0.5,0.045655551571650535,30216
MNIST_DATASET,1,0.125,0.0,0.5,0.05811084588690751,32292
MNIST_DATASET,2,0.125,0.0,0.5,0.05225362565943875,31860
MNIST_DATASET,1,0.125,0.1,0.5,0.08272136068034017,34845
MNIST_DATASET,2,0.125,0.1,0.5,0.07687843921960981,34453
MNIST_DATASET,1,0.125,0.1,0.5,0.09105409015690731,32893
MNIST_DATASET,2,0.125,0.1,0.5,0.08359750383794884,32245
MNIST_DATASET,1,0.125,0.1,0.5,0.0889432720853727,33440
MNIST_DATASET,2,0.125,0.1,0.5,0.08300569686271363,32955
MNIST_DATASET,1,0.125,0.1,0.5,0.08140369056633853,33686
MNIST_DATASET,2,0.125,0.1,0.5,0.07540552389302937,33285
MNIST_DATASET,1,0.125,0.1,0.5,0.09186325469812075,32542
MNIST_DATASET,2,0.125,0.1,0.5,0.08550579768092763,32079
MNIST_DATASET,1,0.125,0.15,0.5,0.09140020731999043,36704
MNIST_DATASET,2,0.125,0.15,0.5,0.08850968822262978,36451
MNIST_DATASET,1,0.125,0.15,0.5,0.10477326968973746,34628
MNIST_DATASET,2,0.125,0.15,0.5,0.10224741447891805,34317
MNIST_DATASET,1,0.125,0.15,0.5,0.09774556842591292,35602
MNIST_DATASET,2,0.125,0.15,0.5,0.09445325517435207,35290
MNIST_DATASET,1,0.125,0.15,0.5,0.08422845691382766,35970
MNIST_DATASET,2,0.125,0.15,0.5,0.08056112224448898,35676
MNIST_DATASET,1,0.125,0.15,0.5,0.10465418876989291,33292
MNIST_DATASET,2,0.125,0.15,0.5,0.09960964868381543,32884
MNIST_DATASET,1,0.125,0.2,0.5,0.11760236724248241,36943
MNIST_DATASET,2,0.125,0.2,0.5,0.11732245681381957,36697
MNIST_DATASET,1,0.125,0.2,0.5,0.11941046721475837,37448
MNIST_DATASET,2,0.125,0.2,0.5,0.11562061359534791,37103
MNIST_DATASET,1,0.125,0.2,0.5,0.11663571556940035,35650
MNIST_DATASET,2,0.125,0.2,0.5,0.11499830268176281,35356
MNIST_DATASET,1,0.125,0.2,0.5,0.10541795046216638,36327
MNIST_DATASET,2,0.125,0.2,0.5,0.10319715097435077,36133
MNIST_DATASET,1,0.125,0.2,0.5,0.1248304205570186,35355
MNIST_DATASET,2,0.125,0.2,0.5,0.12427180592131513,35108
MNIST_DATASET,1,0.125,0.25,0.5,0.11611899203926498,38149
MNIST_DATASET,2,0.125,0.25,0.5,0.11444304782426527,37917
MNIST_DATASET,1,0.125,0.25,0.5,0.13718981823998722,35341
MNIST_DATASET,2,0.125,0.25,0.5,0.13543020535482195,34944
MNIST_DATASET,1,0.125,0.25,0.5,0.12541194798969382,36510
MNIST_DATASET,2,0.125,0.25,0.5,0.12251582878942217,36218
MNIST_DATASET,1,0.125,0.25,0.5,0.1403002883563687,34581
MNIST_DATASET,2,0.125,0.25,0.5,0.13670080540916774,34139
MNIST_DATASET,1,0.125,0.25,0.5,0.1253924136689928,36998
MNIST_DATASET,2,0.125,0.25,0.5,0.12315290636060067,36787
MNIST_DATASET,1,0.1111111111111111,0.0,0.5,0.053083388233415185,31289
MNIST_DATASET,2,0.1111111111111111,0.0,0.5,0.046615160408057334,30832
MNIST_DATASET,1,0.1111111111111111,0.0,0.5,0.04989592506604756,30494
MNIST_DATASET,2,0.1111111111111111,0.0,0.5,0.04253062204787447,29963
MNIST_DATASET,1,0.1111111111111111,0.0,0.5,0.06057878842423151,29707
MNIST_DATASET,2,0.1111111111111111,0.0,0.5,0.05129897402051959,28923
MNIST_DATASET,1,0.1111111111111111,0.0,0.5,0.05351752264049099,29701
MNIST_DATASET,2,0.1111111111111111,0.0,0.5,0.04232222466564043,28940
MNIST_DATASET,1,0.1111111111111111,0.0,0.5,0.06483562379427617,30693
MNIST_DATASET,2,0.1111111111111111,0.0,0.5,0.05622402100196894,30053
MNIST_DATASET,1,0.1111111111111111,0.1,0.5,0.09347222780838997,33184
MNIST_DATASET,2,0.1111111111111111,0.1,0.5,0.0868559707195431,32648
MNIST_DATASET,1,0.1111111111111111,0.1,0.5,0.08743780846004756,32321
MNIST_DATASET,2,0.1111111111111111,0.1,0.5,0.07986492696864947,31698
MNIST_DATASET,1,0.1111111111111111,0.1,0.5,0.09173157579388856,32458
MNIST_DATASET,2,0.1111111111111111,0.1,0.5,0.08548032754144198,32026
MNIST_DATASET,1,0.1111111111111111,0.1,0.5,0.08244415138072973,35487
MNIST_DATASET,2,0.1111111111111111,0.1,0.5,0.07704911481437078,35091
MNIST_DATASET,1,0.1111111111111111,0.1,0.5,0.09294935848754947,31609
MNIST_DATASET,2,0.1111111111111111,0.1,0.5,0.08621447699748191,31079
MNIST_DATASET,1,0.1111111111111111,0.15,0.5,0.10519462307430334,34661
MNIST_DATASET,2,0.1111111111111111,0.15,0.5,0.10034657531502293,34288
MNIST_DATASET,1,0.1111111111111111,0.15,0.5,0.10747513634905358,32197
MNIST_DATASET,2,0.1111111111111111,0.15,0.5,0.10260266281681103,31798
MNIST_DATASET,1,0.1111111111111111,0.15,0.5,0.093822517404177,35264
MNIST_DATASET,2,0.1111111111111111,0.15,0.5,0.09060174441866048,34995
MNIST_DATASET,1,0.1111111111111111,0.15,0.5,0.10071427150275561,33833
MNIST_DATASET,2,0.1111111111111111,0.15,0.5,0.09572033982610771,33462
MNIST_DATASET,1,0.1111111111111111,0.15,0.5,0.07929164007657945,38824
MNIST_DATASET,2,0.1111111111111111,0.15,0.5,0.07536295469049138,38524
MNIST_DATASET,1,0.1111111111111111,0.2,0.5,0.12136670067414831,33563
MNIST_DATASET,2,0.1111111111111111,0.2,0.5,0.12006641461121446,33260
MNIST_DATASET,1,0.1111111111111111,0.2,0.5,0.11701170117011701,35555
MNIST_DATASET,2,0.1111111111111111,0.2,0.5,0.1158915891589159,35243
MNIST_DATASET,1,0.1111111111111111,0.2,0.5,0.11589013143417289,35963
MNIST_DATASET,2,0.1111111111111111,0.2,0.5,0.11286934602996779,35666
MNIST_DATASET,1,0.1111111111111111,0.2,0.5,0.10085401386516628,37232
MNIST_DATASET,2,0.1111111111111111,0.2,0.5,0.09942730834924143,37047
MNIST_DATASET,1,0.1111111111111111,0.2,0.5,0.12401492328870978,33573
MNIST_DATASET,2,0.1111111111111111,0.2,0.5,0.12213953673962054,33266
MNIST_DATASET,1,0.1111111111111111,0.25,0.5,0.14252602553599616,34878
MNIST_DATASET,2,0.1111111111111111,0.25,0.5,0.14100745299418546,34716
MNIST_DATASET,1,0.1111111111111111,0.25,0.5,0.12087495005992809,37319
MNIST_DATASET,2,0.1111111111111111,0.25,0.5,0.11953655613264083,37101
MNIST_DATASET,1,0.1111111111111111,0.25,0.5,0.13968158606188044,35023
MNIST_DATASET,2,0.1111111111111111,0.25,0.5,0.13922098728346852,34795
MNIST_DATASET,1,0.1111111111111111,0.25,0.5,0.13920909382004482,34859
MNIST_DATASET,2,0.1111111111111111,0.25,0.5,0.13652737752161384,34636
MNIST_DATASET,1,0.1111111111111111,0.25,0.5,0.13043130191133795,36522
MNIST_DATASET,2,0.1111111111111111,0.25,0.5,0.12907034924447114,36276
RANDOM_DATASET,1,0.125,0.0,0.3,0.027968596663395486,13085
RANDOM_DATASET,2,0.125,0.0,0.3,0.027805037618580306,13062
RANDOM_DATASET,1,0.125,0.0,0.3,0.018024032042723633,13199
RANDOM_DATASET,2,0.125,0.0,0.3,0.018190921228304405,13187
RANDOM_DATASET,1,0.125,0.0,0.3,0.022768821671929534,13098
RANDOM_DATASET,2,0.125,0.0,0.3,0.022270234336047863,13080
RANDOM_DATASET,1,0.125,0.0,0.3,0.02657529667390941,13049
RANDOM_DATASET,2,0.125,0.0,0.3,0.02573959552064182,13026
RANDOM_DATASET,1,0.125,0.0,0.3,0.02999500083319447,12888
RANDOM_DATASET,2,0.125,0.0,0.3,0.02882852857857024,12846
RANDOM_DATASET,1,0.125,0.1,0.3,0.027462588390067422,13145
RANDOM_DATASET,2,0.125,0.1,0.3,0.027462588390067422,13130
RANDOM_DATASET,1,0.125,0.1,0.3,0.035357807477584165,13107
RANDOM_DATASET,2,0.125,0.1,0.3,0.034342750803586536,13079
RANDOM_DATASET,1,0.125,0.1,0.3,0.02250122289254851,13023
RANDOM_DATASET,2,0.125,0.1,0.3,0.02250122289254851,13005
RANDOM_DATASET,1,0.125,0.1,0.3,0.03348477200067306,13047
RANDOM_DATASET,2,0.125,0.1,0.3,0.033148241628807,13021
RANDOM_DATASET,1,0.125,0.1,0.3,0.02826737612238111,13091
RANDOM_DATASET,2,0.125,0.1,0.3,0.02793481875623545,13058
RANDOM_DATASET,1,0.125,0.15,0.3,0.03851261620185923,12746
RANDOM_DATASET,2,0.125,0.15,0.3,0.03701859229747676,12707
RANDOM_DATASET,1,0.125,0.15,0.3,0.03264490339773484,13260
RANDOM_DATASET,2,0.125,0.15,0.3,0.032478347768154565,13228
RANDOM_DATASET,1,0.125,0.15,0.3,0.02875557759048091,13204
RANDOM_DATASET,2,0.125,0.15,0.3,0.028425053710130557,13185
RANDOM_DATASET,1,0.125,0.15,0.3,0.022374352980464186,13319
RANDOM_DATASET,2,0.125,0.15,0.3,0.022040407413591586,13300
RANDOM_DATASET,1,0.125,0.15,0.3,0.036230651471338665,13366
RANDOM_DATASET,2,0.125,0.15,0.3,0.03521006973975166,13343
RANDOM_DATASET,1,0.125,0.2,0.3,0.029040823099900432,13156
RANDOM_DATASET,2,0.125,0.2,0.3,0.02870892797875871,13130
RANDOM_DATASET,1,0.125,0.2,0.3,0.038996269922007464,13232
RANDOM_DATASET,2,0.125,0.2,0.3,0.03848762292302475,13207
RANDOM_DATASET,1,0.125,0.2,0.3,0.032324621733149934,13389
RANDOM_DATASET,2,0.125,0.2,0.3,0.0328404401650619,13370
RANDOM_DATASET,1,0.125,0.2,0.3,0.031685467816854676,13083
RANDOM_DATASET,2,0.125,0.2,0.3,0.03185136031851361,13064
RANDOM_DATASET,1,0.125,0.2,0.3,0.036076475477971735,12912
RANDOM_DATASET,2,0.125,0.2,0.3,0.03541147132169576,12885
RANDOM_DATASET,1,0.125,0.25,0.3,0.042683939544926094,13142
RANDOM_DATASET,2,0.125,0.25,0.3,0.042683939544926094,13112
RANDOM_DATASET,1,0.125,0.25,0.3,0.032366258594667116,13256
RANDOM_DATASET,2,0.125,0.25,0.3,0.03186315612946503,13235
RANDOM_DATASET,1,0.125,0.25,0.3,0.029903699949315764,13225
RANDOM_DATASET,2,0.125,0.25,0.3,0.02939685757729346,13204
RANDOM_DATASET,1,0.125,0.25,0.3,0.035534696614146835,13135
RANDOM_DATASET,2,0.125,0.25,0.3,0.034528997653369094,13109
RANDOM_DATASET,1,0.125,0.25,0.3,0.037061548643282594,13173
RANDOM_DATASET,2,0.125,0.25,0.3,0.03673064195896757,13155
RANDOM_DATASET,1,0.1111111111111111,0.0,0.3,0.020635994587280108,13047
RANDOM_DATASET,2,0.1111111111111111,0.0,0.3,0.020128552097428958,13032
RANDOM_DATASET,1,0.1111111111111111,0.0,0.3,0.026433173632909302,12727
RANDOM_DATASET,2,0.1111111111111111,0.0,0.3,0.025111514951263837,12693
RANDOM_DATASET,1,0.1111111111111111,0.0,0.3,0.03139976863328375,13109
RANDOM_DATASET,2,0.1111111111111111,0.0,0.3,0.0310692447529334,13083
RANDOM_DATASET,1,0.1111111111111111,0.0,0.3,0.04047131147540984,13341
RANDOM_DATASET,2,0.1111111111111111,0.0,0.3,0.03961748633879782,13312
RANDOM_DATASET,1,0.125,0.0,0.3,0.01950975487743872,13149,True
RANDOM_DATASET,2,0.125,0.0,0.3,0.019176254794063697,13128,True
RANDOM_DATASET,1,0.125,0.0,0.3,0.03077690900016636,13145,False
RANDOM_DATASET,2,0.125,0.0,0.3,0.029945100648810515,13107,False
RANDOM_DATASET,1,0.125,0.0,0.3,0.024838549428713365,13146,True
RANDOM_DATASET,2,0.125,0.0,0.3,0.024672959099188606,13117,True
RANDOM_DATASET,1,0.125,0.0,0.3,0.031603459747172324,13049,False
RANDOM_DATASET,2,0.125,0.0,0.3,0.03143712574850299,13030,False
RANDOM_DATASET,1,0.125,0.0,0.3,0.03169934640522876,12844,True
RANDOM_DATASET,2,0.125,0.0,0.3,0.031209150326797386,12811,True
RANDOM_DATASET,1,0.125,0.0,0.3,0.026920551543007223,12765,False
RANDOM_DATASET,2,0.125,0.0,0.3,0.025443204202232436,12727,False
RANDOM_DATASET,1,0.125,0.0,0.3,0.022495894909688015,13085,True
RANDOM_DATASET,2,0.125,0.0,0.3,0.02200328407224959,13064,True
RANDOM_DATASET,1,0.125,0.0,0.3,0.03191311612364244,12795,False
RANDOM_DATASET,2,0.125,0.0,0.3,0.030910609857978277,12759,False
RANDOM_DATASET,1,0.125,0.0,0.3,0.03025842329080798,12879,True
RANDOM_DATASET,2,0.125,0.0,0.3,0.02960418711154727,12847,True
RANDOM_DATASET,1,0.125,0.15,0.5, 0.020995255879681034,9452,False
RANDOM_DATASET,2,0.125,0.15,0.5, 0.020591500958917937,9437,False
RANDOM_DATASET,1,0.125,0.2,0.5, 0.022495500899820036,9548,True
RANDOM_DATASET,2,0.125,0.2,0.5, 0.022495500899820036,9537,True
RANDOM_DATASET,1,0.125,0.2,0.5, 0.028488893316067337,9428,False
RANDOM_DATASET,2,0.125,0.2,0.5, 0.02789122422552047,9407,False
RANDOM_DATASET,1,0.125,0.2,0.5, 0.01858736059479554,9570,True
RANDOM_DATASET,2,0.125,0.2,0.5, 0.018486888375364212,9554,True
RANDOM_DATASET,1,0.125,0.2,0.5, 0.018864138069436084,9579,False
RANDOM_DATASET,2,0.125,0.2,0.5, 0.018663455749548464,9568,False
RANDOM_DATASET,1,0.125,0.2,0.5, 0.022589753933037516,9519,True
RANDOM_DATASET,2,0.125,0.2,0.5, 0.022690601048810002,9509,True
RANDOM_DATASET,1,0.125,0.2,0.5, 0.0322839382394225,9383,False
RANDOM_DATASET,2,0.125,0.2,0.5, 0.03208341688389813,9361,False
RANDOM_DATASET,1,0.125,0.2,0.5, 0.037411928153220204,9189,True
RANDOM_DATASET,2,0.125,0.2,0.5, 0.03681651285104694,9167,True
RANDOM_DATASET,1,0.125,0.2,0.5, 0.03179249091643117,9492,False
RANDOM_DATASET,2,0.125,0.2,0.5, 0.03128784820347194,9466,False
RANDOM_DATASET,1,0.125,0.2,0.5, 0.03195979899497487,9667,True
RANDOM_DATASET,2,0.125,0.2,0.5, 0.03165829145728643,9650,True
RANDOM_DATASET,1,0.125,0.2,0.5, 0.025310124049619846,9491,False
RANDOM_DATASET,2,0.125,0.2,0.5, 0.025110044017607042,9475,False
RANDOM_DATASET,1,0.125,0.25,0.5, 0.030851170736609385,9373,True
RANDOM_DATASET,2,0.125,0.25,0.5, 0.030449201085318057,9363,True
RANDOM_DATASET,1,0.125,0.25,0.5, 0.035610392215869195,9587,False
RANDOM_DATASET,2,0.125,0.25,0.5, 0.03551008125188083,9575,False
RANDOM_DATASET,1,0.125,0.25,0.5, 0.023015075376884422,9617,True
RANDOM_DATASET,2,0.125,0.25,0.5, 0.022613065326633167,9605,True
RANDOM_DATASET,1,0.125,0.25,0.5, 0.028124692693480186,9157,False
RANDOM_DATASET,2,0.125,0.25,0.5, 0.028321368866161864,9146,False
RANDOM_DATASET,1,0.125,0.25,0.5, 0.0313413282273506,9464,True
RANDOM_DATASET,2,0.125,0.25,0.5, 0.031039000302327924,9441,True
RANDOM_DATASET,1,0.125,0.25,0.5, 0.028505470239887584,9520,False
RANDOM_DATASET,2,0.125,0.25,0.5, 0.028405098865803474,9508,False
RANDOM_DATASET,1,0.125,0.25,0.5, 0.02221332799679808,9506,True
RANDOM_DATASET,2,0.125,0.25,0.5, 0.022013207924754852,9496,True
RANDOM_DATASET,1,0.125,0.25,0.5, 0.024893314366998577,9743,False
RANDOM_DATASET,2,0.125,0.25,0.5, 0.024893314366998577,9733,False
RANDOM_DATASET,1,0.125,0.25,0.5, 0.034650455927051675,9667,True
RANDOM_DATASET,2,0.125,0.25,0.5, 0.03475177304964539,9657,True
RANDOM_DATASET,1,0.125,0.25,0.5, 0.03209408950463471,9272,False
RANDOM_DATASET,2,0.125,0.25,0.5, 0.031296720821289745,9244,False
RANDOM_DATASET,1,0.1111111111111111,0.0,0.5, 0.02563849718962627,9440,True
RANDOM_DATASET,2,0.1111111111111111,0.0,0.5, 0.025342668375899813,9427,True
RANDOM_DATASET,1,0.1111111111111111,0.0,0.5, 0.03162605668821482,9442,False
RANDOM_DATASET,2,0.1111111111111111,0.0,0.5, 0.03162605668821482,9434,False
RANDOM_DATASET,1,0.1111111111111111,0.0,0.5, 0.02672627918529558,9284,True
RANDOM_DATASET,2,0.1111111111111111,0.0,0.5, 0.026328862394436166,9271,True
RANDOM_DATASET,1,0.1111111111111111,0.0,0.5, 0.032328225407810184,9165,False
RANDOM_DATASET,2,0.1111111111111111,0.0,0.5, 0.03213049925852694,9143,False
RANDOM_DATASET,1,0.1111111111111111,0.0,0.5, 0.023589640634410762,9568,True
RANDOM_DATASET,2,0.1111111111111111,0.0,0.5, 0.023589640634410762,9562,True
RANDOM_DATASET,1,0.1111111111111111,0.0,0.5, 0.024952778606223282,9457,False
RANDOM_DATASET,2,0.1111111111111111,0.0,0.5, 0.024058057460980217,9433,False
RANDOM_DATASET,1,0.1111111111111111,0.0,0.5, 0.03263052208835342,9247,True
RANDOM_DATASET,2,0.1111111111111111,0.0,0.5, 0.03263052208835342,9246,True
RANDOM_DATASET,1,0.1111111111111111,0.0,0.5, 0.02362598858744619,9525,False
RANDOM_DATASET,2,0.1111111111111111,0.0,0.5, 0.023225548102913204,9516,False
RANDOM_DATASET,1,0.1111111111111111,0.0,0.5, 0.030403704822309474,9308,True
RANDOM_DATASET,2,0.1111111111111111,0.0,0.5, 0.030101681264471963,9285,True
RANDOM_DATASET,1,0.1111111111111111,0.0,0.5, 0.030333167578319244,9399,False
RANDOM_DATASET,2,0.1111111111111111,0.0,0.5, 0.029438090502237692,9377,False
RANDOM_DATASET,1,0.1111111111111111,0.1,0.5, 0.03351112005635504,9516,True
RANDOM_DATASET,2,0.1111111111111111,0.1,0.5, 0.03341048606219181,9502,True
RANDOM_DATASET,1,0.1111111111111111,0.1,0.5, 0.024698735185738473,9502,False
RANDOM_DATASET,2,0.1111111111111111,0.1,0.5, 0.023902001792650136,9484,False
RANDOM_DATASET,1,0.1111111111111111,0.1,0.5, 0.019723079988046618,9433,True
RANDOM_DATASET,2,0.1111111111111111,0.1,0.5, 0.019424245442773186,9410,True
RANDOM_DATASET,1,0.1111111111111111,0.1,0.5, 0.02931069334950475,9641,False
RANDOM_DATASET,2,0.1111111111111111,0.1,0.5, 0.028805336567616736,9626,False
RANDOM_DATASET,1,0.1111111111111111,0.1,0.5, 0.02062581748666868,9355,True
RANDOM_DATASET,2,0.1111111111111111,0.1,0.5, 0.020223362511319048,9345,True
RANDOM_DATASET,1,0.1111111111111111,0.1,0.5, 0.024178239584374064,9595,False
RANDOM_DATASET,2,0.1111111111111111,0.1,0.5, 0.023978419422519732,9586,False
RANDOM_DATASET,1,0.1111111111111111,0.1,0.5, 0.030108390204737052,9323,True
RANDOM_DATASET,2,0.1111111111111111,0.1,0.5, 0.02890405459654757,9302,True
RANDOM_DATASET,1,0.1111111111111111,0.1,0.5, 0.029891032690192942,9339,False
RANDOM_DATASET,2,0.1111111111111111,0.1,0.5, 0.028791362591222634,9322,False
RANDOM_DATASET,1,0.1111111111111111,0.1,0.5, 0.019921914105516067,9536,True
RANDOM_DATASET,2,0.1111111111111111,0.1,0.5, 0.019421363499849836,9526,True
RANDOM_DATASET,1,0.1111111111111111,0.1,0.5, 0.029856609703398155,9401,False
RANDOM_DATASET,2,0.1111111111111111,0.1,0.5, 0.029169121979964643,9387,False
RANDOM_DATASET,1,0.1111111111111111,0.15,0.5, 0.03241393195087578,9525,True
RANDOM_DATASET,2,0.1111111111111111,0.15,0.5, 0.03241393195087578,9510,True
RANDOM_DATASET,1,0.1111111111111111,0.15,0.5, 0.024151696606786427,9602,False
RANDOM_DATASET,2,0.1111111111111111,0.15,0.5, 0.024351297405189622,9592,False
RANDOM_DATASET,1,0.1111111111111111,0.15,0.5, 0.035913806863527534,9320,True
RANDOM_DATASET,2,0.1111111111111111,0.15,0.5, 0.03541500399042299,9298,True
RANDOM_DATASET,1,0.1111111111111111,0.15,0.5, 0.03944108611634129,9403,False
RANDOM_DATASET,2,0.1111111111111111,0.15,0.5, 0.039143791497373896,9386,False
RANDOM_DATASET,1,0.1111111111111111,0.15,0.5, 0.025704644700277886,9495,True
RANDOM_DATASET,2,0.1111111111111111,0.15,0.5, 0.025307661770543867,9481,True
RANDOM_DATASET,1,0.1111111111111111,0.15,0.5, 0.034331774305901085,9456,False
RANDOM_DATASET,2,0.1111111111111111,0.15,0.5, 0.03373469997014628,9443,False
RANDOM_DATASET,1,0.1111111111111111,0.15,0.5, 0.023455434674119174,9495,True
RANDOM_DATASET,2,0.1111111111111111,0.15,0.5, 0.023255813953488372,9481,True
RANDOM_DATASET,1,0.1111111111111111,0.15,0.5, 0.018546365914786967,9534,False
RANDOM_DATASET,2,0.1111111111111111,0.15,0.5, 0.018345864661654134,9524,False
RANDOM_DATASET,1,0.1111111111111111,0.15,0.5, 0.02181157225083308,9503,True
RANDOM_DATASET,2,0.1111111111111111,0.15,0.5, 0.02150863374734929,9495,True
RANDOM_DATASET,1,0.1111111111111111,0.15,0.5, 0.033933724748731214,9278,False
RANDOM_DATASET,2,0.1111111111111111,0.15,0.5, 0.03343616280226888,9261,False
RANDOM_DATASET,1,0.1111111111111111,0.2,0.5, 0.022809485530546625,9391,True
RANDOM_DATASET,2,0.1111111111111111,0.2,0.5, 0.022909967845659164,9380,True
RANDOM_DATASET,1,0.1111111111111111,0.2,0.5, 0.041742286751361164,9450,False
RANDOM_DATASET,2,0.1111111111111111,0.2,0.5, 0.04073401895543456,9420,False
RANDOM_DATASET,1,0.1111111111111111,0.2,0.5, 0.021776216758655292,9584,True
RANDOM_DATASET,2,0.1111111111111111,0.2,0.5, 0.021675865529352734,9572,True
RANDOM_DATASET,1,0.1111111111111111,0.2,0.5, 0.02140155285685845,9528,False
RANDOM_DATASET,2,0.1111111111111111,0.2,0.5, 0.02170017917579136,9516,False
RANDOM_DATASET,1,0.1111111111111111,0.2,0.5, 0.03735632183908046,9280,True
RANDOM_DATASET,2,0.1111111111111111,0.2,0.5, 0.037158145065398336,9262,True
RANDOM_DATASET,1,0.1111111111111111,0.2,0.5, 0.025653626892077844,9352,False
RANDOM_DATASET,2,0.1111111111111111,0.2,0.5, 0.02496559858462748,9331,False
RANDOM_DATASET,1,0.1111111111111111,0.2,0.5, 0.018240128282220887,9580,True
RANDOM_DATASET,2,0.1111111111111111,0.2,0.5, 0.01813990779715374,9570,True
RANDOM_DATASET,1,0.1111111111111111,0.2,0.5, 0.028181637124078868,9330,False
RANDOM_DATASET,2,0.1111111111111111,0.2,0.5, 0.02788289185421231,9316,False
RANDOM_DATASET,1,0.1111111111111111,0.2,0.5, 0.026701465569162818,9521,True
RANDOM_DATASET,2,0.1111111111111111,0.2,0.5, 0.026500702670146557,9496,True
RANDOM_DATASET,1,0.1111111111111111,0.2,0.5, 0.02842325720554503,9432,False
RANDOM_DATASET,2,0.1111111111111111,0.2,0.5, 0.02842325720554503,9421,False
RANDOM_DATASET,1,0.1111111111111111,0.25,0.5, 0.028886241810601548,9309,True
RANDOM_DATASET,2,0.1111111111111111,0.25,0.5, 0.028389914631725233,9284,True
RANDOM_DATASET,1,0.1111111111111111,0.25,0.5, 0.0395697651470298,9201,False
RANDOM_DATASET,2,0.1111111111111111,0.25,0.5, 0.03897769883560292,9182,False
RANDOM_DATASET,1,0.1111111111111111,0.25,0.5, 0.03381497090106362,9520,True
RANDOM_DATASET,2,0.1111111111111111,0.25,0.5, 0.033614288581175995,9501,True
RANDOM_DATASET,1,0.1111111111111111,0.25,0.5, 0.022926093514328807,9385,False
RANDOM_DATASET,2,0.1111111111111111,0.25,0.5, 0.022724987430869783,9373,False
RANDOM_DATASET,1,0.1111111111111111,0.25,0.5, 0.026292466765140327,9227,True
RANDOM_DATASET,2,0.1111111111111111,0.25,0.5, 0.025603151157065487,9208,True
RANDOM_DATASET,1,0.1111111111111111,0.25,0.5, 0.03319004298710387,9607,False
RANDOM_DATASET,2,0.1111111111111111,0.25,0.5, 0.03368989303209037,9593,False
RANDOM_DATASET,1,0.1111111111111111,0.25,0.5, 0.030594059405940593,9512,True
RANDOM_DATASET,2,0.1111111111111111,0.25,0.5, 0.030693069306930693,9501,True
RANDOM_DATASET,1,0.1111111111111111,0.25,0.5, 0.03213252170442071,9495,False
RANDOM_DATASET,2,0.1111111111111111,0.25,0.5, 0.03123440774373815,9478,False
RANDOM_DATASET,1,0.1111111111111111,0.25,0.5, 0.02467778998900989,9563,True
RANDOM_DATASET,2,0.1111111111111111,0.25,0.5, 0.0237785992606654,9552,True
RANDOM_DATASET,1,0.1111111111111111,0.25,0.5, 0.031823138693367704,9206,False
RANDOM_DATASET,2,0.1111111111111111,0.25,0.5, 0.03162486368593239,9180,False
MNIST_DATASET,1,0.125,0.0,0.3, 0.07281504910937239,43029,True
MNIST_DATASET,2,0.125,0.0,0.3, 0.0594639587148327,41822,True
MNIST_DATASET,1,0.125,0.0,0.3, 0.06355564456906336,38926,False
MNIST_DATASET,2,0.125,0.0,0.3, 0.05123840042726484,37674,False
MNIST_DATASET,1,0.125,0.0,0.3, 0.06394902758781733,40999,True
MNIST_DATASET,2,0.125,0.0,0.3, 0.054408379757814325,40125,True
MNIST_DATASET,1,0.125,0.0,0.3, 0.05245487484625869,38470,False
MNIST_DATASET,2,0.125,0.0,0.3, 0.041784396503008345,37415,False
MNIST_DATASET,1,0.125,0.0,0.3, 0.06494975710387968,42703,True
MNIST_DATASET,2,0.125,0.0,0.3, 0.058627803287415986,41882,True
MNIST_DATASET,1,0.125,0.0,0.3, 0.05395635292542509,41295,False
MNIST_DATASET,2,0.125,0.0,0.3, 0.04612397911366983,40542,False
MNIST_DATASET,1,0.125,0.0,0.3, 0.056232677730657495,41237,True
MNIST_DATASET,2,0.125,0.0,0.3, 0.04818512705780212,40278,True
MNIST_DATASET,1,0.125,0.0,0.3, 0.05536238733416602,38363,False
MNIST_DATASET,2,0.125,0.0,0.3, 0.04415487965432265,37258,False
MNIST_DATASET,1,0.125,0.0,0.3, 0.06081933470553084,41158,True
MNIST_DATASET,2,0.125,0.0,0.3, 0.04710842573534294,39836,True
MNIST_DATASET,1,0.125,0.0,0.3, 0.05761247991430102,40836,False
MNIST_DATASET,2,0.125,0.0,0.3, 0.047034011783610066,39746,False
MNIST_DATASET,1,0.125,0.1,0.3, 0.1025828298253768,43119,False
MNIST_DATASET,2,0.125,0.1,0.3, 0.09189296859438284,41893,False
MNIST_DATASET,1,0.125,0.1,0.3, 0.10181431514587626,44427,False
MNIST_DATASET,2,0.125,0.1,0.3, 0.09526815976606633,43742,False
MNIST_DATASET,1,0.125,0.1,0.3, 0.09885210447512893,44843,False
MNIST_DATASET,2,0.125,0.1,0.3, 0.09139910164698054,44064,False
MNIST_DATASET,1,0.125,0.1,0.3, 0.09946101570084698,43404,False
MNIST_DATASET,2,0.125,0.1,0.3, 0.09105821699976566,42543,False
MNIST_DATASET,1,0.125,0.1,0.3, 0.09689948436349026,44623,False
MNIST_DATASET,2,0.125,0.1,0.3, 0.09030335498560235,43873,False
MNIST_DATASET,1,0.125,0.15,0.3, 0.11266198074552783,47458,False
MNIST_DATASET,2,0.125,0.15,0.3, 0.10733202305206703,46783,False
MNIST_DATASET,1,0.125,0.15,0.3, 0.10938075622090492,46540,False
MNIST_DATASET,2,0.125,0.15,0.3, 0.10234770086071202,45863,False
MNIST_DATASET,1,0.125,0.15,0.3, 0.11331188417454253,44340,False
MNIST_DATASET,2,0.125,0.15,0.3, 0.10929016690126685,43603,False
MNIST_DATASET,1,0.125,0.15,0.3, 0.11575830172356424,46519,False
MNIST_DATASET,2,0.125,0.15,0.3, 0.10936980102482198,45755,False
MNIST_DATASET,1,0.125,0.15,0.3, 0.11310002681684098,45906,False
MNIST_DATASET,2,0.125,0.15,0.3, 0.10686511128989006,45235,False
MNIST_DATASET,1,0.125,0.2,0.3, 0.13119309051955008,48122,False
MNIST_DATASET,2,0.125,0.2,0.3, 0.12751071237279057,47496,False
MNIST_DATASET,1,0.125,0.2,0.3, 0.13163268722172006,47053,False
MNIST_DATASET,2,0.125,0.2,0.3, 0.12768236751364198,46437,False
MNIST_DATASET,1,0.125,0.2,0.3, 0.12947149004841313,47293,False
MNIST_DATASET,2,0.125,0.2,0.3, 0.12422673480365788,46580,False
MNIST_DATASET,1,0.125,0.2,0.3, 0.11885672112449261,48861,False
MNIST_DATASET,2,0.125,0.2,0.3, 0.11550202958837935,48416,False
MNIST_DATASET,1,0.125,0.2,0.3, 0.12815957090177674,49279,False
MNIST_DATASET,2,0.125,0.2,0.3, 0.12329869259135098,48728,False
MNIST_DATASET,1,0.125,0.25,0.3, 0.15002000266702226,47762,False
MNIST_DATASET,2,0.125,0.25,0.3, 0.14668622482997734,47197,False
MNIST_DATASET,1,0.125,0.25,0.3, 0.14648139550308417,47474,False
MNIST_DATASET,2,0.125,0.25,0.3, 0.14329773827684553,47084,False
MNIST_DATASET,1,0.125,0.25,0.3, 0.1373529313735293,50236,False
MNIST_DATASET,2,0.125,0.25,0.3, 0.1358530813585308,49877,False
MNIST_DATASET,1,0.125,0.25,0.3, 0.15502270905690624,45951,False
MNIST_DATASET,2,0.125,0.25,0.3, 0.15205049425594444,45448,False
MNIST_DATASET,1,0.125,0.25,0.3, 0.14306300268096514,47893,False
MNIST_DATASET,2,0.125,0.25,0.3, 0.1399798927613941,47311,False
MNIST_DATASET,1,0.1111111111111111,0.0,0.3, 0.06582623736029804,39892,True
MNIST_DATASET,2,0.1111111111111111,0.0,0.3, 0.05188930282064928,38685,True
MNIST_DATASET,1,0.1111111111111111,0.0,0.3, 0.07026991091610159,39755,False
MNIST_DATASET,2,0.1111111111111111,0.0,0.3, 0.058336657359393695,38620,False
MNIST_DATASET,1,0.1111111111111111,0.0,0.3, 0.0678448504103786,37865,True
MNIST_DATASET,2,0.1111111111111111,0.0,0.3, 0.05599682287529786,36666,True
MNIST_DATASET,1,0.1111111111111111,0.0,0.3, 0.05767497747071192,42551,False
MNIST_DATASET,2,0.1111111111111111,0.0,0.3, 0.04873001568705984,41548,False
MNIST_DATASET,1,0.1111111111111111,0.0,0.3, 0.06449241462273608,37982,True
MNIST_DATASET,2,0.1111111111111111,0.0,0.3, 0.053264719641783066,36884,True
MNIST_DATASET,1,0.1111111111111111,0.0,0.3, 0.06507628479657387,39536,False
MNIST_DATASET,2,0.1111111111111111,0.0,0.3, 0.050455032119914346,38118,False
MNIST_DATASET,1,0.1111111111111111,0.0,0.3, 0.06901850738290907,39239,True
MNIST_DATASET,2,0.1111111111111111,0.0,0.3, 0.05485401216008552,37811,True
MNIST_DATASET,1,0.1111111111111111,0.0,0.3, 0.06479395786405194,42275,False
MNIST_DATASET,2,0.1111111111111111,0.0,0.3, 0.052272426129587914,40893,False
MNIST_DATASET,1,0.1111111111111111,0.0,0.3, 0.0635753182106705,40057,True
MNIST_DATASET,2,0.1111111111111111,0.0,0.3, 0.05131460261250125,38807,True
MNIST_DATASET,1,0.1111111111111111,0.0,0.3, 0.06890643373089199,38937,False
MNIST_DATASET,2,0.1111111111111111,0.0,0.3, 0.05620695447673442,37626,False
MNIST_DATASET,1,0.1111111111111111,0.1,0.3, 0.11031111698262765,46030,False
MNIST_DATASET,2,0.1111111111111111,0.1,0.3, 0.10304511526520907,45182,False
MNIST_DATASET,1,0.1111111111111111,0.1,0.3, 0.08868195320583425,45323,False
MNIST_DATASET,2,0.1111111111111111,0.1,0.3, 0.08217349220653516,44785,False
MNIST_DATASET,1,0.1111111111111111,0.1,0.3, 0.09961570593149541,42946,False
MNIST_DATASET,2,0.1111111111111111,0.1,0.3, 0.09223057644110276,42171,False
MNIST_DATASET,1,0.1111111111111111,0.1,0.3, 0.09742958800252718,42850,False
MNIST_DATASET,2,0.1111111111111111,0.1,0.3, 0.08881721145213314,42044,False
MNIST_DATASET,1,0.1111111111111111,0.1,0.3, 0.08880103651041493,44478,False
MNIST_DATASET,2,0.1111111111111111,0.1,0.3, 0.08405036377528986,43940,False
MNIST_DATASET,1,0.1111111111111111,0.15,0.3, 0.10961500099740674,47699,False
MNIST_DATASET,2,0.1111111111111111,0.15,0.3, 0.10259990690870403,46967,False
MNIST_DATASET,1,0.1111111111111111,0.15,0.3, 0.12261896860688923,44116,False
MNIST_DATASET,2,0.1111111111111111,0.15,0.3, 0.11711024092387337,43454,False
MNIST_DATASET,1,0.1111111111111111,0.15,0.3, 0.10196666666666666,49105,False
MNIST_DATASET,2,0.1111111111111111,0.15,0.3, 0.09716666666666667,48655,False
MNIST_DATASET,1,0.1111111111111111,0.15,0.3, 0.1039461020211742,46617,False
MNIST_DATASET,2,0.1111111111111111,0.15,0.3, 0.09817131857555342,46144,False
MNIST_DATASET,1,0.1111111111111111,0.15,0.3, 0.11797286988822925,44900,False
MNIST_DATASET,2,0.1111111111111111,0.15,0.3, 0.11143908991409904,44157,False
MNIST_DATASET,1,0.1111111111111111,0.2,0.3, 0.12915079391834947,46557,False
MNIST_DATASET,2,0.1111111111111111,0.2,0.3, 0.12352088460371506,45955,False
MNIST_DATASET,1,0.1111111111111111,0.2,0.3, 0.1272277393252416,47777,False
MNIST_DATASET,2,0.1111111111111111,0.2,0.3, 0.12358310763366435,47330,False
MNIST_DATASET,1,0.1111111111111111,0.2,0.3, 0.13961373533224744,44338,False
MNIST_DATASET,2,0.1111111111111111,0.2,0.3, 0.1347604959611741,43566,False
MNIST_DATASET,1,0.1111111111111111,0.2,0.3, 0.1424190914241909,44565,False
MNIST_DATASET,2,0.1111111111111111,0.2,0.3, 0.1374195913741959,43837,False
MNIST_DATASET,1,0.1111111111111111,0.2,0.3, 0.11285728646583788,51731,False
MNIST_DATASET,2,0.1111111111111111,0.2,0.3, 0.10937238213316355,51362,False
MNIST_DATASET,1,0.1111111111111111,0.25,0.3, 0.14424068958631478,49183,False
MNIST_DATASET,2,0.1111111111111111,0.25,0.3, 0.14274303591040702,48689,False
MNIST_DATASET,1,0.1111111111111111,0.25,0.3, 0.13607743318373636,51885,False
MNIST_DATASET,2,0.1111111111111111,0.25,0.3, 0.13259427959005962,51401,False
MNIST_DATASET,1,0.1111111111111111,0.25,0.3, 0.15843482941928538,47064,False
MNIST_DATASET,2,0.1111111111111111,0.25,0.3, 0.15399367471906333,46553,False
MNIST_DATASET,1,0.1111111111111111,0.25,0.3, 0.15075077065862308,48129,False
MNIST_DATASET,2,0.1111111111111111,0.25,0.3, 0.14524843382279823,47506,False
MNIST_DATASET,1,0.1111111111111111,0.25,0.3, 0.15418882978723406,46601,False
MNIST_DATASET,2,0.1111111111111111,0.25,0.3, 0.15365691489361702,46210,False
MNIST_DATASET,1,0.125,0.0,0.5, 0.058020818764859844,32766,True
MNIST_DATASET,2,0.125,0.0,0.5, 0.05102795148948073,32308,True
MNIST_DATASET,1,0.125,0.0,0.5, 0.061934502362078626,29557,False
MNIST_DATASET,2,0.125,0.0,0.5, 0.04964368644407078,28639,False
MNIST_DATASET,1,0.125,0.0,0.5, 0.0574234454067244,31664,True
MNIST_DATASET,2,0.125,0.0,0.5, 0.04886293177590655,31027,True
MNIST_DATASET,1,0.125,0.0,0.5, 0.06466406328226695,29430,False
MNIST_DATASET,2,0.125,0.0,0.5, 0.05461099429258035,28679,False
MNIST_DATASET,1,0.125,0.0,0.5, 0.06124241456403705,30769,True
MNIST_DATASET,2,0.125,0.0,0.5, 0.04601165761737464,29762,True
MNIST_DATASET,1,0.125,0.0,0.5, 0.06137754489820407,33905,False
MNIST_DATASET,2,0.125,0.0,0.5, 0.054177832886684534,33330,False
MNIST_DATASET,1,0.125,0.0,0.5, 0.053947552657372035,32542,True
MNIST_DATASET,2,0.125,0.0,0.5, 0.04554637649270898,31880,True
MNIST_DATASET,1,0.125,0.0,0.5, 0.06275194031646712,31714,False
MNIST_DATASET,2,0.125,0.0,0.5, 0.05196237691274091,30975,False
MNIST_DATASET,1,0.125,0.0,0.5, 0.06430713857228554,31557,True
MNIST_DATASET,2,0.125,0.0,0.5, 0.053929214157168566,30821,True
MNIST_DATASET,1,0.125,0.0,0.5, 0.059681565470378416,31264,False
MNIST_DATASET,2,0.125,0.0,0.5, 0.053962497260028296,30805,False
MNIST_DATASET,1,0.125,0.1,0.5, 0.08480643097104464,34752,False
MNIST_DATASET,2,0.125,0.1,0.5, 0.0823468245080787,34540,False
MNIST_DATASET,1,0.125,0.1,0.5, 0.0811689615029505,34635,False
MNIST_DATASET,2,0.125,0.1,0.5, 0.08213239131307455,34412,False
MNIST_DATASET,1,0.125,0.1,0.5, 0.09214873550789932,33067,False
MNIST_DATASET,2,0.125,0.1,0.5, 0.08642197793396207,32652,False
MNIST_DATASET,1,0.125,0.1,0.5, 0.08991776546149383,33284,False
MNIST_DATASET,2,0.125,0.1,0.5, 0.08413533684147342,32839,False
MNIST_DATASET,1,0.125,0.1,0.5, 0.09816759152061959,33322,False
MNIST_DATASET,2,0.125,0.1,0.5, 0.09118128468202323,32852,False
MNIST_DATASET,1,0.125,0.15,0.5, 0.10271007055805004,34592,False
MNIST_DATASET,2,0.125,0.15,0.5, 0.10072562540089801,34292,False
MNIST_DATASET,1,0.125,0.15,0.5, 0.1073299476146679,32144,False
MNIST_DATASET,2,0.125,0.15,0.5, 0.10221138081337225,31607,False
MNIST_DATASET,1,0.125,0.15,0.5, 0.09455038697837709,35640,False
MNIST_DATASET,2,0.125,0.15,0.5, 0.09026170908800767,35315,False
MNIST_DATASET,1,0.125,0.15,0.5, 0.11036802691121701,33752,False
MNIST_DATASET,2,0.125,0.15,0.5, 0.10502182531736814,33337,False
MNIST_DATASET,1,0.125,0.15,0.5, 0.08793627921869997,36024,False
MNIST_DATASET,2,0.125,0.15,0.5, 0.08403378162023695,35714,False
MNIST_DATASET,1,0.125,0.2,0.5, 0.11656540135154103,34706,False
MNIST_DATASET,2,0.125,0.2,0.5, 0.11397862399486655,34426,False
MNIST_DATASET,1,0.125,0.2,0.5, 0.11077916349199984,36060,False
MNIST_DATASET,2,0.125,0.2,0.5, 0.1091951718330192,35831,False
MNIST_DATASET,1,0.125,0.2,0.5, 0.1309394923613617,33191,False
MNIST_DATASET,2,0.125,0.2,0.5, 0.128112594731144,32848,False
MNIST_DATASET,1,0.125,0.2,0.5, 0.10514210284205684,36173,False
MNIST_DATASET,2,0.125,0.2,0.5, 0.10260205204104082,35911,False
MNIST_DATASET,1,0.125,0.2,0.5, 0.12456712571474592,34769,False
MNIST_DATASET,2,0.125,0.2,0.5, 0.1245067246516872,34597,False
MNIST_DATASET,1,0.125,0.25,0.5, 0.10606181774561158,38581,False
MNIST_DATASET,2,0.125,0.25,0.5, 0.10404254468391379,38392,False
MNIST_DATASET,1,0.125,0.25,0.5, 0.13808503394548696,34852,False
MNIST_DATASET,2,0.125,0.25,0.5, 0.13538141109086174,34527,False
MNIST_DATASET,1,0.125,0.25,0.5, 0.13580617409919374,34709,False
MNIST_DATASET,2,0.125,0.25,0.5, 0.1348258407858672,34404,False
MNIST_DATASET,1,0.125,0.25,0.5, 0.12962704566747066,35921,False
MNIST_DATASET,2,0.125,0.25,0.5, 0.12920844379771562,35748,False
MNIST_DATASET,1,0.125,0.25,0.5, 0.1264849055469861,36561,False
MNIST_DATASET,2,0.125,0.25,0.5, 0.12596406178008374,36389,False
