violated_constraints,total_constraints
116496,485100
128954,485100
129552,485100
109345,485100
109344,485100
110549,485100
109982,485100
119656,485100
121999,485100
128912,485100
131607,485100
141083,485100
134559,485100
148581,485100
125769,485100
136385,485100
149055,485100
152300,485100
123183,485100
137429,485100
126311,485100
152169,485100
136325,485100
133030,485100
141492,485100
151493,485100
141288,485100
120694,485100
136953,485100
136544,485100
139333,485100
147502,485100
152068,485100
152342,485100
136251,485100
139948,485100
151213,485100
138385,485100
149808,485100
145351,485100
133029,485100
141557,485100
150949,485100
138967,485100
144341,485100
149401,485100
141438,485100
148273,485100
146137,485100
150549,485100
126574,485100
146233,485100
151832,485100
144909,485100
138043,485100
151986,485100
149710,485100
124783,485100
151928,485100
117399,485100
132531,485100
152415,485100
152346,485100
152029,485100
138731,485100
129233,485100
151169,485100
144442,485100
141229,485100
150478,485100
130134,485100
152183,485100
152248,485100
152416,485100
128371,485100
136910,485100
152360,485100
125537,485100
125544,485100
116983,485100
143065,485100
149604,485100
145511,485100
152036,485100
144795,485100
147609,485100
139421,485100
115756,485100
128913,485100
138214,485100
151645,485100
151077,485100
138165,485100
124487,485100
133192,485100
149629,485100
129940,485100
141075,485100
152415,485100
138342,485100
144655,485100
151638,485100
123681,485100
152243,485100
133561,485100
117767,485100
123313,485100
131998,485100
141664,485100
129757,485100
151032,485100
123705,485100
151353,485100
143436,485100
146155,485100
126608,485100
151980,485100
152022,485100
139493,485100
137823,485100
122398,485100
150277,485100
133145,485100
139127,485100
152235,485100
126006,485100
152119,485100
146534,485100
146809,485100
142608,485100
147121,485100
134194,485100
150710,485100
145267,485100
127805,485100
147989,485100
147997,485100
152361,485100
125662,485100
141438,485100
118447,485100
151443,485100
126895,485100
152394,485100
150996,485100
135526,485100
141529,485100
145396,485100
130834,485100
148930,485100
123289,485100
152361,485100
146501,485100
142542,485100
130947,485100
143242,485100
119248,485100
130645,485100
137501,485100
152340,485100
140783,485100
128799,485100
129800,485100
134594,485100
150422,485100
117219,485100
131267,485100
123979,485100
118054,485100
144643,485100
134650,485100
132881,485100
147087,485100
131776,485100
150977,485100
146580,485100
152167,485100
152402,485100
151923,485100
143635,485100
151867,485100
131025,485100
124497,485100
138038,485100
147974,485100
151709,485100
152252,485100
138383,485100
143711,485100
131001,485100
147309,485100
148457,485100
152424,485100
152045,485100
152075,485100
116117,485100
125638,485100
149671,485100
152353,485100
152196,485100
151390,485100
118020,485100
148323,485100
152177,485100
137117,485100
133576,485100
147325,485100
151797,485100
139985,485100
135295,485100
116050,485100
150034,485100
152351,485100
140682,485100
123278,485100
127884,485100
126456,485100
145795,485100
132970,485100
117510,485100
151469,485100
130067,485100
152400,485100
144492,485100
135415,485100
133782,485100
151938,485100
131025,485100
152315,485100
133171,485100
151001,485100
129387,485100
151314,485100
152218,485100
117301,485100
145357,485100
152116,485100
152348,485100
148848,485100
124777,485100
147467,485100
144394,485100
146702,485100
152079,485100
130241,485100
126681,485100
152394,485100
116471,485100
122853,485100
141623,485100
123711,485100
142084,485100
133409,485100
145391,485100
131574,485100
150864,485100
152431,485100
140946,485100
143801,485100
145079,485100
129766,485100
139522,485100
124920,485100
141914,485100
136529,485100
139596,485100
148008,485100
151549,485100
151644,485100
120618,485100
136659,485100
128194,485100
152390,485100
132536,485100
132474,485100
142092,485100
151481,485100
136056,485100
152400,485100
124703,485100
116467,485100
152442,485100
139137,485100
118817,485100
133749,485100
144101,485100
145622,485100
140196,485100
147751,485100
126764,485100
133461,485100
125948,485100
152423,485100
151981,485100
147125,485100
128900,485100
149758,485100
151343,485100
128672,485100
142852,485100
142325,485100
141744,485100
125843,485100
125711,485100
150044,485100
139630,485100
147504,485100
129295,485100
132387,485100
148205,485100
115126,485100
126023,485100
139474,485100
147490,485100
152204,485100
142535,485100
132812,485100
148029,485100
150505,485100
132066,485100
149324,485100
124626,485100
139348,485100
123575,485100
141117,485100
124704,485100
132684,485100
120696,485100
117459,485100
152451,485100
123974,485100
129207,485100
152353,485100
143483,485100
149857,485100
136760,485100
137518,485100
129732,485100
148728,485100
134349,485100
152387,485100
132182,485100
119187,485100
137640,485100
152187,485100
131778,485100
128925,485100
131535,485100
151883,485100
124932,485100
116419,485100
123236,485100
141364,485100
130828,485100
124014,485100
134302,485100
124424,485100
139097,485100
117429,485100
144282,485100
152312,485100
130201,485100
115564,485100
151393,485100
132933,485100
123535,485100
130410,485100
148550,485100
125191,485100
132170,485100
148046,485100
115485,485100
119807,485100
124781,485100
149813,485100
130708,485100
142536,485100
115271,485100
129596,485100
124131,485100
151934,485100
136482,485100
135965,485100
127779,485100
123993,485100
142710,485100
149133,485100
144325,485100
142045,485100
118165,485100
148443,485100
115387,485100
129063,485100
128647,485100
139086,485100
152367,485100
138137,485100
140095,485100
137720,485100
141043,485100
150923,485100
145916,485100
135528,485100
146226,485100
139058,485100
147359,485100
115245,485100
1741,6900
1325,6900
1317,6900
1592,6900
1868,6900
1286,6900
1816,6900
1352,6900
1289,6900
1270,6900
1267,6900
1283,6900
1260,6900
1592,6900
1289,6900
1752,6900
1318,6900
1623,6900
1270,6900
1791,6900
1273,6900
1765,6900
1424,6900
1461,6900
1797,6900
1769,6900
1272,6900
1424,6900
1755,6900
1616,6900
1370,6900
1796,6900
1431,6900
1268,6900
1370,6900
1279,6900
1311,6900
1351,6900
1263,6900
1439,6900
1278,6900
1867,6900
1362,6900
1847,6900
1271,6900
1286,6900
1875,6900
1422,6900
1290,6900
1353,6900
1276,6900
1932,6900
1280,6900
1284,6900
1284,6900
1805,6900
1467,6900
1267,6900
1362,6900
1389,6900
1280,6900
1320,6900
1422,6900
1439,6900
1798,6900
1320,6900
1276,6900
1273,6900
1354,6900
1700,6900
1294,6900
1293,6900
1348,6900
1778,6900
1296,6900
1282,6900
1290,6900
1781,6900
1641,6900
1273,6900
1267,6900
1599,6900
1350,6900
1290,6900
1258,6900
1806,6900
1271,6900
1282,6900
1286,6900
1766,6900
1422,6900
1289,6900
1325,6900
1289,6900
1503,6900
1290,6900
1266,6900
1263,6900
1430,6900
1423,6900
1276,6900
1429,6900
1282,6900
1402,6900
14811,58800
15652,58800
13063,58800
17198,58800
17223,58800
17174,58800
16940,58800
17218,58800
17150,58800
13070,58800
12801,58800
15352,58800
17088,58800
17218,58800
14946,58800
13083,58800
17247,58800
17164,58800
12859,58800
17082,58800
16320,58800
15868,58800
17141,58800
16144,58800
16728,58800
13143,58800
13090,58800
13040,58800
13200,58800
16398,58800
15229,58800
17198,58800
17174,58800
15389,58800
16954,58800
16884,58800
13240,58800
15750,58800
17200,58800
16358,58800
12949,58800
16877,58800
15867,58800
17212,58800
15252,58800
15239,58800
14901,58800
16849,58800
16827,58800
17223,58800
13399,58800
12822,58800
17177,58800
17228,58800
17090,58800
17186,58800
12974,58800
13079,58800
17239,58800
13311,58800
13155,58800
17245,58800
13154,58800
13319,58800
12820,58800
15725,58800
17149,58800
17184,58800
17204,58800
17193,58800
13241,58800
17078,58800
17115,58800
17218,58800
13127,58800
14201,58800
17079,58800
17110,58800
17201,58800
17033,58800
16301,58800
14204,58800
17015,58800
13364,58800
12793,58800
12797,58800
17198,58800
14879,58800
17218,58800
12955,58800
13219,58800
16854,58800
17207,58800
14161,58800
12979,58800
16121,58800
17178,58800
16889,58800
15681,58800
12818,58800
13653,58800
14104,58800
16177,58800
13182,58800
53393,202575
52353,202575
56364,202575
51239,202575
56924,202575
56268,202575
50758,202575
57019,202575
56246,202575
52992,202575
55872,202575
53530,202575
56317,202575
51250,202575
54644,202575
53385,202575
55876,202575
50765,202575
56375,202575
55233,202575
50801,202575
55852,202575
53338,202575
56040,202575
55902,202575
55248,202575
53640,202575
54191,202575
56914,202575
55602,202575
56336,202575
53411,202575
55294,202575
54094,202575
57000,202575
55908,202575
55050,202575
56573,202575
56350,202575
56042,202575
53503,202575
55303,202575
55432,202575
55321,202575
53708,202575
56498,202575
55344,202575
56717,202575
56403,202575
54596,202575
56344,202575
56454,202575
55076,202575
51234,202575
56675,202575
52861,202575
56934,202575
54010,202575
55971,202575
55919,202575
56050,202575
53713,202575
53855,202575
50807,202575
54747,202575
55906,202575
56645,202575
51317,202575
52995,202575
55495,202575
55673,202575
53119,202575
53207,202575
55014,202575
53616,202575
57022,202575
54933,202575
50755,202575
51298,202575
54554,202575
55649,202575
56537,202575
55966,202575
51287,202575
56803,202575
55289,202575
53021,202575
56878,202575
55181,202575
56290,202575
56691,202575
54685,202575
56917,202575
51316,202575
56677,202575
56799,202575
50762,202575
56308,202575
56638,202575
56846,202575
53005,202575
56402,202575
55706,202575
55188,202575
138233,485100
140300,485100
140151,485100
140043,485100
139942,485100
139965,485100
139862,485100
128746,485100
132546,485100
130850,485100
127597,485100
136813,485100
136571,485100
127568,485100
137086,485100
119285,485100
133632,485100
123408,485100
126685,485100
119977,485100
140113,485100
135098,485100
135095,485100
120202,485100
124613,485100
138737,485100
135440,485100
139229,485100
125304,485100
139597,485100
140138,485100
129360,485100
133609,485100
140138,485100
137344,485100
121839,485100
136097,485100
124043,485100
138372,485100
128006,485100
127736,485100
139140,485100
140238,485100
138043,485100
138130,485100
137981,485100
130526,485100
130596,485100
140075,485100
131004,485100
120533,485100
125999,485100
139590,485100
129705,485100
130061,485100
124613,485100
140233,485100
140185,485100
139638,485100
125852,485100
136828,485100
127495,485100
139061,485100
140289,485100
126005,485100
117239,485100
132905,485100
117742,485100
125497,485100
116813,485100
131101,485100
128657,485100
121986,485100
139331,485100
137746,485100
125754,485100
116474,485100
124334,485100
140309,485100
126511,485100
140260,485100
126167,485100
139939,485100
134192,485100
136721,485100
134411,485100
125125,485100
129486,485100
131402,485100
140269,485100
127412,485100
136274,485100
136002,485100
127468,485100
125758,485100
140201,485100
134796,485100
139570,485100
139987,485100
125241,485100
131433,485100
128603,485100
140100,485100
137747,485100
234524,953250
259985,953250
260196,953250
256525,953250
259381,953250
242342,953250
240135,953250
253953,953250
259365,953250
257093,953250
259976,953250
234231,953250
259611,953250
248859,953250
247649,953250
257647,953250
259406,953250
259848,953250
258451,953250
257183,953250
259993,953250
234415,953250
243172,953250
241680,953250
260080,953250
233830,953250
258948,953250
247032,953250
258615,953250
260054,953250
256940,953250
252448,953250
235017,953250
258450,953250
260216,953250
258202,953250
255286,953250
251713,953250
260223,953250
252133,953250
257475,953250
258192,953250
247978,953250
244890,953250
259582,953250
259787,953250
257762,953250
260232,953250
255942,953250
249338,953250
245016,953250
250663,953250
254218,953250
259393,953250
259880,953250
243389,953250
252396,953250
260240,953250
259550,953250
253120,953250
256624,953250
235673,953250
255244,953250
240171,953250
259572,953250
259734,953250
249887,953250
259953,953250
259193,953250
256384,953250
260219,953250
246822,953250
258418,953250
254815,953250
259934,953250
250576,953250
250267,953250
233008,953250
258611,953250
253160,953250
234235,953250
252649,953250
259478,953250
260079,953250
259144,953250
255957,953250
256160,953250
254248,953250
259670,953250
250498,953250
257845,953250
251675,953250
259993,953250
259675,953250
247996,953250
245631,953250
260083,953250
235432,953250
257287,953250
252940,953250
254242,953250
259550,953250
252170,953250
259824,953250
424563,1653900
454025,1653900
392565,1653900
457530,1653900
459882,1653900
457020,1653900
450528,1653900
388820,1653900
458431,1653900
460369,1653900
453586,1653900
409251,1653900
457715,1653900
458482,1653900
455093,1653900
405228,1653900
402853,1653900
385056,1653900
458488,1653900
461426,1653900
408787,1653900
456197,1653900
460598,1653900
413956,1653900
423005,1653900
452933,1653900
459494,1653900
460338,1653900
458373,1653900
461592,1653900
395303,1653900
461421,1653900
461314,1653900
452052,1653900
460334,1653900
455778,1653900
390216,1653900
460137,1653900
401344,1653900
430361,1653900
460289,1653900
458216,1653900
397982,1653900
454699,1653900
459866,1653900
448787,1653900
461095,1653900
461361,1653900
452566,1653900
396079,1653900
452722,1653900
456189,1653900
415539,1653900
449739,1653900
460394,1653900
454870,1653900
426475,1653900
461322,1653900
460344,1653900
433089,1653900
460078,1653900
425672,1653900
404607,1653900
438758,1653900
392578,1653900
452167,1653900
455236,1653900
461538,1653900
445307,1653900
456893,1653900
461210,1653900
450172,1653900
433595,1653900
409478,1653900
386310,1653900
394669,1653900
461319,1653900
460591,1653900
445126,1653900
382411,1653900
460371,1653900
444968,1653900
450374,1653900
459828,1653900
391222,1653900
446447,1653900
451152,1653900
386302,1653900
458126,1653900
453584,1653900
430456,1653900
461339,1653900
458482,1653900
383165,1653900
439599,1653900
450622,1653900
414599,1653900
452137,1653900
458182,1653900
459205,1653900
431863,1653900
456868,1653900
385514,1653900
420272,1653900
639328,2633925
740940,2633925
636413,2633925
735100,2633925
600528,2633925
701202,2633925
606370,2633925
637674,2633925
693119,2633925
694772,2633925
648877,2633925
643242,2633925
594532,2633925
718062,2633925
757324,2633925
617041,2633925
753772,2633925
661896,2633925
745513,2633925
591297,2633925
732193,2633925
609371,2633925
672997,2633925
592664,2633925
743545,2633925
760271,2633925
633586,2633925
740566,2633925
593300,2633925
752981,2633925
670726,2633925
743902,2633925
758787,2633925
599838,2633925
758861,2633925
759624,2633925
595212,2633925
731300,2633925
601376,2633925
714289,2633925
743641,2633925
758933,2633925
752310,2633925
628824,2633925
679660,2633925
760252,2633925
743738,2633925
653423,2633925
759203,2633925
741457,2633925
754729,2633925
756213,2633925
756502,2633925
761122,2633925
726343,2633925
614131,2633925
705814,2633925
748281,2633925
723105,2633925
620591,2633925
721096,2633925
621510,2633925
754355,2633925
705693,2633925
677296,2633925
606244,2633925
759623,2633925
675180,2633925
651106,2633925
617559,2633925
745308,2633925
731897,2633925
758244,2633925
759211,2633925
611830,2633925
743443,2633925
641870,2633925
723924,2633925
702833,2633925
724463,2633925
667960,2633925
745728,2633925
759963,2633925
602051,2633925
604094,2633925
760562,2633925
734628,2633925
603082,2633925
617031,2633925
656113,2633925
726300,2633925
739122,2633925
745497,2633925
621706,2633925
738788,2633925
726062,2633925
745446,2633925
607470,2633925
744509,2633925
731404,2633925
761049,2633925
650718,2633925
753857,2633925
633869,2633925
1984,6900
1777,6900
1831,6900
1978,6900
1810,6900
1951,6900
1973,6900
1922,6900
1769,6900
1971,6900
1808,6900
1751,6900
1982,6900
1959,6900
1944,6900
1918,6900
1775,6900
1979,6900
1908,6900
1979,6900
1917,6900
1959,6900
1732,6900
1972,6900
1976,6900
1808,6900
1973,6900
1810,6900
1956,6900
1908,6900
1744,6900
1892,6900
1958,6900
1976,6900
1836,6900
1967,6900
1717,6900
1902,6900
1695,6900
1965,6900
1716,6900
1739,6900
1841,6900
1902,6900
1931,6900
1833,6900
1791,6900
1969,6900
1967,6900
1708,6900
1734,6900
1968,6900
1895,6900
1982,6900
1874,6900
1823,6900
1768,6900
1948,6900
1831,6900
1810,6900
1954,6900
1713,6900
1790,6900
1869,6900
1839,6900
1730,6900
1702,6900
1974,6900
1892,6900
1900,6900
1868,6900
1816,6900
1974,6900
1773,6900
1932,6900
1759,6900
1823,6900
1834,6900
1701,6900
1865,6900
1982,6900
1885,6900
1770,6900
1948,6900
1890,6900
1880,6900
1868,6900
1878,6900
1901,6900
1717,6900
1745,6900
1962,6900
1985,6900
1950,6900
1969,6900
1960,6900
1745,6900
1908,6900
1882,6900
1986,6900
1900,6900
1970,6900
1745,6900
1767,6900
1795,6900
1696,6900
1906,6900
1956,6900
1971,6900
1920,6900
1978,6900
1973,6900
1970,6900
1870,6900
1791,6900
1846,6900
1948,6900
1969,6900
1874,6900
1976,6900
1872,6900
1983,6900
1925,6900
1802,6900
1972,6900
1768,6900
1908,6900
1895,6900
1959,6900
1967,6900
1712,6900
1804,6900
1716,6900
1976,6900
1815,6900
1975,6900
1891,6900
1978,6900
1980,6900
1754,6900
1828,6900
1976,6900
1980,6900
1881,6900
1973,6900
1895,6900
1899,6900
1976,6900
1710,6900
1970,6900
1939,6900
1917,6900
1970,6900
1701,6900
1949,6900
1886,6900
1903,6900
1747,6900
1952,6900
1957,6900
1839,6900
1764,6900
1970,6900
1707,6900
1971,6900
1978,6900
1985,6900
1976,6900
1889,6900
1968,6900
1747,6900
1852,6900
1763,6900
1744,6900
1697,6900
1838,6900
1901,6900
1905,6900
1811,6900
1729,6900
1974,6900
1961,6900
1907,6900
1893,6900
1715,6900
1916,6900
1860,6900
1970,6900
1717,6900
1945,6900
1754,6900
1707,6900
1883,6900
1985,6900
1972,6900
1900,6900
1974,6900
1900,6900
1696,6900
1978,6900
1754,6900
1955,6900
1757,6900
1973,6900
1827,6900
1814,6900
1985,6900
1870,6900
1947,6900
1972,6900
1926,6900
1889,6900
1972,6900
1932,6900
1899,6900
1933,6900
1961,6900
1752,6900
1763,6900
1777,6900
1736,6900
1876,6900
1977,6900
1890,6900
1972,6900
1911,6900
1825,6900
1977,6900
1838,6900
1964,6900
1965,6900
1747,6900
1803,6900
1892,6900
1972,6900
1744,6900
1956,6900
1981,6900
1814,6900
1885,6900
1974,6900
1758,6900
1937,6900
1966,6900
1969,6900
1749,6900
1702,6900
1835,6900
1901,6900
1981,6900
1733,6900
1969,6900
1746,6900
1974,6900
1984,6900
1861,6900
1815,6900
1972,6900
1900,6900
1766,6900
1818,6900
1757,6900
1765,6900
1967,6900
1915,6900
1985,6900
1976,6900
1803,6900
1766,6900
1972,6900
1918,6900
1909,6900
1884,6900
1963,6900
1812,6900
1917,6900
1821,6900
1716,6900
1731,6900
1971,6900
1811,6900
1915,6900
1841,6900
1956,6900
1902,6900
1972,6900
1977,6900
1890,6900
1826,6900
1702,6900
1899,6900
1840,6900
1972,6900
1907,6900
1754,6900
1965,6900
13797,58800
16510,58800
14401,58800
17804,58800
16712,58800
18263,58800
18003,58800
15188,58800
16102,58800
14768,58800
18353,58800
18172,58800
17945,58800
14278,58800
17735,58800
13221,58800
14667,58800
18291,58800
14349,58800
16670,58800
13677,58800
16429,58800
17955,58800
17958,58800
14581,58800
13919,58800
15515,58800
17462,58800
18447,58800
18168,58800
17012,58800
13865,58800
18480,58800
18532,58800
14107,58800
15177,58800
17801,58800
18465,58800
17119,58800
18258,58800
18497,58800
17417,58800
13347,58800
13886,58800
15310,58800
18291,58800
13847,58800
13798,58800
16297,58800
13865,58800
18002,58800
17927,58800
15649,58800
15575,58800
15924,58800
16964,58800
15849,58800
18527,58800
13799,58800
17975,58800
17736,58800
18526,58800
18518,58800
15574,58800
13427,58800
17794,58800
15157,58800
17143,58800
14180,58800
18523,58800
17273,58800
17822,58800
17084,58800
18510,58800
16346,58800
17141,58800
16564,58800
15083,58800
18297,58800
16422,58800
15265,58800
17756,58800
17851,58800
15116,58800
18358,58800
13088,58800
15078,58800
18464,58800
15295,58800
17326,58800
13601,58800
17806,58800
13446,58800
15308,58800
14380,58800
18340,58800
14160,58800
17838,58800
13685,58800
18431,58800
17311,58800
17423,58800
13935,58800
13841,58800
16999,58800
17479,58800
18056,58800
18105,58800
13844,58800
17899,58800
16419,58800
18336,58800
14148,58800
13889,58800
18561,58800
13891,58800
13787,58800
16165,58800
18378,58800
14492,58800
17529,58800
13010,58800
14207,58800
17412,58800
17836,58800
14416,58800
18504,58800
13861,58800
18160,58800
18491,58800
16690,58800
17898,58800
16251,58800
13980,58800
18193,58800
17792,58800
13473,58800
15113,58800
17896,58800
18328,58800
13395,58800
17275,58800
16076,58800
17815,58800
18060,58800
14805,58800
13021,58800
13978,58800
17924,58800
14974,58800
17175,58800
18545,58800
13620,58800
17790,58800
13461,58800
17322,58800
16915,58800
17679,58800
16689,58800
15306,58800
14755,58800
17421,58800
16165,58800
15114,58800
13853,58800
18207,58800
18145,58800
18115,58800
18264,58800
16364,58800
14875,58800
18315,58800
14351,58800
18190,58800
17897,58800
18530,58800
17614,58800
17263,58800
17923,58800
18279,58800
16831,58800
15464,58800
17848,58800
16281,58800
17175,58800
16715,58800
18414,58800
14679,58800
13821,58800
17471,58800
18155,58800
16348,58800
16022,58800
14416,58800
18481,58800
18547,58800
16070,58800
18448,58800
18167,58800
18017,58800
18314,58800
13146,58800
13469,58800
18164,58800
18148,58800
17698,58800
16548,58800
14349,58800
18372,58800
13619,58800
14145,58800
14469,58800
18322,58800
14109,58800
18531,58800
14730,58800
17903,58800
17129,58800
18131,58800
18195,58800
17913,58800
18058,58800
17423,58800
17849,58800
17806,58800
18120,58800
18518,58800
16637,58800
17549,58800
17780,58800
15170,58800
18513,58800
15190,58800
14120,58800
18550,58800
18548,58800
17116,58800
16353,58800
18432,58800
16090,58800
16976,58800
18438,58800
17808,58800
18139,58800
15096,58800
18244,58800
14835,58800
17641,58800
18356,58800
13419,58800
13592,58800
13849,58800
14194,58800
17116,58800
13051,58800
17241,58800
17971,58800
14167,58800
17958,58800
17683,58800
13825,58800
15650,58800
16648,58800
15101,58800
16948,58800
18447,58800
16547,58800
17991,58800
13801,58800
17802,58800
18434,58800
18481,58800
18052,58800
18551,58800
18522,58800
17934,58800
16485,58800
18225,58800
18547,58800
13836,58800
17806,58800
16868,58800
18315,58800
16464,58800
16502,58800
16869,58800
13479,58800
16001,58800
14043,58800
15781,58800
16336,58800
17899,58800
17547,58800
14853,58800
16627,58800
14476,58800
48618,202575
53609,202575
50448,202575
54856,202575
48568,202575
49652,202575
48573,202575
54189,202575
50213,202575
48686,202575
48419,202575
48662,202575
49934,202575
53481,202575
48418,202575
48506,202575
51835,202575
50707,202575
48533,202575
49489,202575
48761,202575
48525,202575
50605,202575
48520,202575
49658,202575
52767,202575
49659,202575
51988,202575
55024,202575
48498,202575
48668,202575
48558,202575
53532,202575
49943,202575
48542,202575
48613,202575
49722,202575
51656,202575
53001,202575
48743,202575
48571,202575
48651,202575
50038,202575
48709,202575
48557,202575
48611,202575
48465,202575
49231,202575
48657,202575
50708,202575
50654,202575
49912,202575
54825,202575
49010,202575
48534,202575
48636,202575
49130,202575
52153,202575
48602,202575
49901,202575
52436,202575
53017,202575
50216,202575
54132,202575
49908,202575
51286,202575
48875,202575
51563,202575
54128,202575
50328,202575
51676,202575
48662,202575
52043,202575
49993,202575
54936,202575
49913,202575
49877,202575
48529,202575
52456,202575
48648,202575
53246,202575
48619,202575
53502,202575
49972,202575
48887,202575
49663,202575
50670,202575
52921,202575
52453,202575
48531,202575
48517,202575
48481,202575
49679,202575
50130,202575
48888,202575
50445,202575
49653,202575
54767,202575
48488,202575
48463,202575
50459,202575
55125,202575
50805,202575
48467,202575
51392,202575
54823,202575
48499,202575
48462,202575
48635,202575
51028,202575
48822,202575
48408,202575
48670,202575
50203,202575
48619,202575
54050,202575
48708,202575
50993,202575
48503,202575
52185,202575
53446,202575
50087,202575
52891,202575
49469,202575
50130,202575
49368,202575
49344,202575
53447,202575
54902,202575
48644,202575
48484,202575
48634,202575
49904,202575
51973,202575
51624,202575
52988,202575
48617,202575
53967,202575
52478,202575
48618,202575
48823,202575
55204,202575
48996,202575
48651,202575
54837,202575
48722,202575
52781,202575
48480,202575
49660,202575
48536,202575
52404,202575
48603,202575
48547,202575
52191,202575
50837,202575
50342,202575
48589,202575
53045,202575
55127,202575
52674,202575
48648,202575
48519,202575
48541,202575
51029,202575
48893,202575
49305,202575
48438,202575
48620,202575
51267,202575
49419,202575
48509,202575
53245,202575
51135,202575
49243,202575
49368,202575
48889,202575
48542,202575
49990,202575
48403,202575
54391,202575
52558,202575
54891,202575
48635,202575
48534,202575
49906,202575
50630,202575
48877,202575
49187,202575
50210,202575
54131,202575
50007,202575
48671,202575
50035,202575
48622,202575
54441,202575
51723,202575
51012,202575
48628,202575
48417,202575
48727,202575
49910,202575
49239,202575
51615,202575
52547,202575
50205,202575
50094,202575
48522,202575
48739,202575
49013,202575
50079,202575
50074,202575
51164,202575
51685,202575
50085,202575
49366,202575
49553,202575
48478,202575
53845,202575
49013,202575
48754,202575
48541,202575
52104,202575
54824,202575
49869,202575
51123,202575
49675,202575
51342,202575
49909,202575
53281,202575
48710,202575
48561,202575
49662,202575
48929,202575
49913,202575
52404,202575
49865,202575
48447,202575
50649,202575
51976,202575
53452,202575
50710,202575
49864,202575
49129,202575
48808,202575
51734,202575
51715,202575
48634,202575
48942,202575
51627,202575
51761,202575
48661,202575
53938,202575
48802,202575
50703,202575
48519,202575
48572,202575
51150,202575
51623,202575
51230,202575
51755,202575
54816,202575
52671,202575
48827,202575
51143,202575
52333,202575
48831,202575
50371,202575
51213,202575
49684,202575
50452,202575
49677,202575
52070,202575
52551,202575
49910,202575
52787,202575
48657,202575
48566,202575
52529,202575
51401,202575
51758,202575
48438,202575
49371,202575
49217,202575
50996,202575
48551,202575
48566,202575
52228,202575
48623,202575
49368,202575
50585,202575
49654,202575
54457,202575
51018,202575
50326,202575
49728,202575
54680,202575
118879,485100
117808,485100
114310,485100
118569,485100
114040,485100
117561,485100
114767,485100
118533,485100
122458,485100
121093,485100
119658,485100
119989,485100
116292,485100
119135,485100
114322,485100
114835,485100
118802,485100
119161,485100
114483,485100
117831,485100
118619,485100
118790,485100
114098,485100
115125,485100
118818,485100
115622,485100
117019,485100
118790,485100
116350,485100
116798,485100
118833,485100
114399,485100
119852,485100
118736,485100
118844,485100
119681,485100
118503,485100
120090,485100
118908,485100
117104,485100
114086,485100
123187,485100
115972,485100
115772,485100
116861,485100
118705,485100
118157,485100
118606,485100
114247,485100
118892,485100
114090,485100
114812,485100
119039,485100
117003,485100
118888,485100
116648,485100
117273,485100
117793,485100
122339,485100
117053,485100
119145,485100
114087,485100
118823,485100
118894,485100
121002,485100
114891,485100
118939,485100
118673,485100
119151,485100
114297,485100
114842,485100
118864,485100
122397,485100
118506,485100
116981,485100
119084,485100
119297,485100
114969,485100
115754,485100
116766,485100
119564,485100
114109,485100
117512,485100
114156,485100
116495,485100
115647,485100
118687,485100
114777,485100
115450,485100
119285,485100
119132,485100
116423,485100
118549,485100
114469,485100
114415,485100
118411,485100
118774,485100
114332,485100
119464,485100
120053,485100
119544,485100
115577,485100
118770,485100
122021,485100
118884,485100
114379,485100
114900,485100
118859,485100
118699,485100
114791,485100
115497,485100
114408,485100
115973,485100
118637,485100
118568,485100
117057,485100
114101,485100
117563,485100
118611,485100
119114,485100
118934,485100
115987,485100
116799,485100
118724,485100
115403,485100
119282,485100
118117,485100
118694,485100
121711,485100
117007,485100
119274,485100
114949,485100
117177,485100
114132,485100
118705,485100
115447,485100
117559,485100
118339,485100
114587,485100
115306,485100
118661,485100
118690,485100
115885,485100
118896,485100
118720,485100
117523,485100
114354,485100
115865,485100
115754,485100
119223,485100
118754,485100
120027,485100
118159,485100
118847,485100
118653,485100
114926,485100
118659,485100
116823,485100
119163,485100
118794,485100
120305,485100
118419,485100
114963,485100
114766,485100
119053,485100
119129,485100
119230,485100
114129,485100
118993,485100
116504,485100
118509,485100
118700,485100
118942,485100
114907,485100
114105,485100
118634,485100
117498,485100
117641,485100
116023,485100
114416,485100
118811,485100
117563,485100
116040,485100
114071,485100
114300,485100
117136,485100
118625,485100
116441,485100
120084,485100
115710,485100
119127,485100
115524,485100
114001,485100
117074,485100
118003,485100
119051,485100
118676,485100
118525,485100
114415,485100
119408,485100
118527,485100
117643,485100
118463,485100
116949,485100
115248,485100
120997,485100
117051,485100
118730,485100
115917,485100
118926,485100
117567,485100
118620,485100
116022,485100
117662,485100
117215,485100
118843,485100
115362,485100
117538,485100
117996,485100
118622,485100
118877,485100
114995,485100
119558,485100
114579,485100
115433,485100
118638,485100
117086,485100
119300,485100
116070,485100
118773,485100
118695,485100
114581,485100
115955,485100
116290,485100
122497,485100
114103,485100
118592,485100
123250,485100
115365,485100
116276,485100
118567,485100
114200,485100
118491,485100
120097,485100
114188,485100
118787,485100
114488,485100
114078,485100
114293,485100
118578,485100
117794,485100
118508,485100
118896,485100
116159,485100
118611,485100
118507,485100
114407,485100
115725,485100
116914,485100
116032,485100
114839,485100
118682,485100
114140,485100
121131,485100
118799,485100
121555,485100
116068,485100
115829,485100
114285,485100
121534,485100
117502,485100
114118,485100
117791,485100
114129,485100
118477,485100
118712,485100
118632,485100
119796,485100
118902,485100
114117,485100
118707,485100
118855,485100
115238,485100
118530,485100
118803,485100
118735,485100
118604,485100
114060,485100
122729,485100
118076,485100
118843,485100
118766,485100
116680,485100
114205,485100
118871,485100
114689,485100
240248,953250
258541,953250
263817,953250
246029,953250
262891,953250
256723,953250
229354,953250
247826,953250
228689,953250
260162,953250
251838,953250
247546,953250
250822,953250
244131,953250
263708,953250
263456,953250
258747,953250
254820,953250
263241,953250
244490,953250
260490,953250
255438,953250
262719,953250
252481,953250
249886,953250
260297,953250
263449,953250
263170,953250
251004,953250
261032,953250
264045,953250
239885,953250
251434,953250
244800,953250
241930,953250
247896,953250
261562,953250
237455,953250
256600,953250
263740,953250
251682,953250
228999,953250
231341,953250
262973,953250
252405,953250
249563,953250
260958,953250
262811,953250
238666,953250
229133,953250
234728,953250
229518,953250
247807,953250
232313,953250
260366,953250
257019,953250
264052,953250
262890,953250
249189,953250
251164,953250
264188,953250
252860,953250
261298,953250
261364,953250
262569,953250
232310,953250
262578,953250
264223,953250
230972,953250
261077,953250
262517,953250
261470,953250
252792,953250
263240,953250
258141,953250
256777,953250
263803,953250
254551,953250
241150,953250
238749,953250
246462,953250
247483,953250
247510,953250
261046,953250
261892,953250
259123,953250
252447,953250
263697,953250
228809,953250
251613,953250
247466,953250
237607,953250
263274,953250
232739,953250
258439,953250
233195,953250
233591,953250
255936,953250
262462,953250
249766,953250
230123,953250
260613,953250
261754,953250
257000,953250
256463,953250
245721,953250
252126,953250
260761,953250
262605,953250
231121,953250
229450,953250
249018,953250
262663,953250
245407,953250
260897,953250
247689,953250
262073,953250
262815,953250
261219,953250
259315,953250
232530,953250
263604,953250
254467,953250
262938,953250
263823,953250
256909,953250
254479,953250
247637,953250
230533,953250
264097,953250
228597,953250
259920,953250
229193,953250
259675,953250
247805,953250
246144,953250
247643,953250
241661,953250
256108,953250
229339,953250
241360,953250
250673,953250
231186,953250
263816,953250
256988,953250
250830,953250
263207,953250
248884,953250
261567,953250
257563,953250
249126,953250
245373,953250
250367,953250
235012,953250
263159,953250
256447,953250
264022,953250
259157,953250
262306,953250
252037,953250
263875,953250
232436,953250
264115,953250
259153,953250
228918,953250
229158,953250
249543,953250
256165,953250
232993,953250
249194,953250
250348,953250
259230,953250
251323,953250
258938,953250
257834,953250
263887,953250
250675,953250
258076,953250
246919,953250
256690,953250
261306,953250
263914,953250
261050,953250
261103,953250
233741,953250
250241,953250
261256,953250
230197,953250
250544,953250
229196,953250
246838,953250
262352,953250
264213,953250
257029,953250
254324,953250
247570,953250
264216,953250
264059,953250
234093,953250
263509,953250
237963,953250
264114,953250
255951,953250
251702,953250
229368,953250
260292,953250
260511,953250
263692,953250
261616,953250
261340,953250
258276,953250
254821,953250
263850,953250
251201,953250
263659,953250
259006,953250
251565,953250
251258,953250
247757,953250
261827,953250
256103,953250
258825,953250
263890,953250
232503,953250
253876,953250
263588,953250
252887,953250
256560,953250
228995,953250
233478,953250
263816,953250
233652,953250
263851,953250
240565,953250
264211,953250
262889,953250
247719,953250
263463,953250
259784,953250
258821,953250
229288,953250
250870,953250
241652,953250
262461,953250
263697,953250
247746,953250
229163,953250
257116,953250
263177,953250
254919,953250
260815,953250
229250,953250
263187,953250
248902,953250
228956,953250
255214,953250
247457,953250
255276,953250
264178,953250
250386,953250
264016,953250
254483,953250
234110,953250
260062,953250
246027,953250
248833,953250
257017,953250
239895,953250
231485,953250
262349,953250
257394,953250
260302,953250
258814,953250
245228,953250
263772,953250
257047,953250
264134,953250
263474,953250
249540,953250
258568,953250
260482,953250
245790,953250
262270,953250
263879,953250
263725,953250
257461,953250
257463,953250
261031,953250
264190,953250
246274,953250
257867,953250
262635,953250
233065,953250
263267,953250
258218,953250
264217,953250
407947,1653900
404316,1653900
403750,1653900
406630,1653900
404754,1653900
405507,1653900
403864,1653900
405995,1653900
403870,1653900
405072,1653900
405563,1653900
405732,1653900
403657,1653900
403928,1653900
404006,1653900
404255,1653900
403929,1653900
403988,1653900
405457,1653900
405440,1653900
403544,1653900
405717,1653900
405486,1653900
405667,1653900
405533,1653900
405188,1653900
404853,1653900
405509,1653900
409678,1653900
405480,1653900
403620,1653900
405190,1653900
404834,1653900
405562,1653900
406169,1653900
404507,1653900
405378,1653900
403784,1653900
405551,1653900
406225,1653900
406084,1653900
405581,1653900
409810,1653900
403689,1653900
404729,1653900
405113,1653900
407661,1653900
404747,1653900
408795,1653900
405879,1653900
404690,1653900
403646,1653900
403599,1653900
404437,1653900
404268,1653900
405020,1653900
403794,1653900
408565,1653900
406207,1653900
407384,1653900
405675,1653900
405429,1653900
405609,1653900
405547,1653900
404494,1653900
403685,1653900
405586,1653900
404041,1653900
405496,1653900
405465,1653900
405747,1653900
405307,1653900
405196,1653900
405978,1653900
404520,1653900
405662,1653900
404866,1653900
404609,1653900
405755,1653900
404981,1653900
406022,1653900
403826,1653900
409776,1653900
405586,1653900
404604,1653900
404584,1653900
405482,1653900
405435,1653900
404721,1653900
407526,1653900
405331,1653900
404542,1653900
405515,1653900
408584,1653900
405731,1653900
406205,1653900
404167,1653900
406220,1653900
405427,1653900
404682,1653900
404021,1653900
405450,1653900
405303,1653900
403629,1653900
405445,1653900
403499,1653900
406076,1653900
406630,1653900
405720,1653900
405326,1653900
410963,1653900
405498,1653900
404921,1653900
405865,1653900
405469,1653900
405527,1653900
405483,1653900
408194,1653900
403740,1653900
403885,1653900
403394,1653900
405490,1653900
404894,1653900
405944,1653900
406286,1653900
403960,1653900
409747,1653900
405258,1653900
405868,1653900
405811,1653900
404767,1653900
403736,1653900
409452,1653900
404751,1653900
403592,1653900
405734,1653900
405797,1653900
411143,1653900
405925,1653900
405649,1653900
404777,1653900
404809,1653900
405840,1653900
405744,1653900
403652,1653900
404627,1653900
405275,1653900
405141,1653900
405677,1653900
405029,1653900
404023,1653900
403637,1653900
410164,1653900
405392,1653900
405407,1653900
403616,1653900
403594,1653900
403411,1653900
404205,1653900
404542,1653900
405526,1653900
405456,1653900
405605,1653900
404851,1653900
405086,1653900
405258,1653900
405514,1653900
403585,1653900
403486,1653900
405033,1653900
403434,1653900
403685,1653900
403922,1653900
403885,1653900
407424,1653900
403466,1653900
404964,1653900
403949,1653900
405439,1653900
406183,1653900
405449,1653900
404020,1653900
405274,1653900
405351,1653900
404578,1653900
404929,1653900
403737,1653900
406146,1653900
404898,1653900
405436,1653900
404928,1653900
405082,1653900
405391,1653900
405525,1653900
405490,1653900
405677,1653900
405397,1653900
405227,1653900
405553,1653900
403917,1653900
407310,1653900
405639,1653900
405372,1653900
405550,1653900
405420,1653900
404877,1653900
406079,1653900
404849,1653900
405527,1653900
404780,1653900
405488,1653900
405162,1653900
406244,1653900
404734,1653900
404798,1653900
404124,1653900
404757,1653900
404013,1653900
405419,1653900
403657,1653900
405539,1653900
405595,1653900
411155,1653900
404942,1653900
404973,1653900
404637,1653900
406696,1653900
405539,1653900
404811,1653900
405844,1653900
405225,1653900
409809,1653900
403945,1653900
405954,1653900
405154,1653900
404927,1653900
405492,1653900
403694,1653900
408188,1653900
405055,1653900
405063,1653900
404646,1653900
404339,1653900
403783,1653900
404775,1653900
405977,1653900
404032,1653900
405504,1653900
405874,1653900
403950,1653900
405254,1653900
405043,1653900
406076,1653900
410931,1653900
410087,1653900
403966,1653900
405572,1653900
403779,1653900
403693,1653900
404980,1653900
404803,1653900
409253,1653900
405930,1653900
404203,1653900
404427,1653900
409074,1653900
403924,1653900
404676,1653900
404664,1653900
404749,1653900
405464,1653900
403670,1653900
404508,1653900
403983,1653900
405663,1653900
411898,1653900
405350,1653900
405217,1653900
403717,1653900
405051,1653900
406149,1653900
404938,1653900
405746,1653900
405409,1653900
404866,1653900
405792,1653900
405556,1653900
405409,1653900
404870,1653900
405240,1653900
405392,1653900
405114,1653900
404721,1653900
405605,1653900
404658,1653900
406453,1653900
663623,2633925
638860,2633925
629156,2633925
623613,2633925
635567,2633925
645866,2633925
626645,2633925
626347,2633925
629628,2633925
623450,2633925
640385,2633925
629422,2633925
635426,2633925
626700,2633925
627080,2633925
630726,2633925
626219,2633925
626319,2633925
633262,2633925
654846,2633925
633731,2633925
669503,2633925
664483,2633925
628187,2633925
635409,2633925
630931,2633925
635819,2633925
631571,2633925
627530,2633925
623724,2633925
654560,2633925
627412,2633925
650630,2633925
626718,2633925
632093,2633925
657291,2633925
631765,2633925
626713,2633925
626375,2633925
650432,2633925
647798,2633925
623665,2633925
623112,2633925
649093,2633925
641795,2633925
628038,2633925
638075,2633925
623120,2633925
623141,2633925
623672,2633925
624573,2633925
641712,2633925
633216,2633925
646251,2633925
658118,2633925
627374,2633925
627463,2633925
626656,2633925
639552,2633925
631654,2633925
626737,2633925
626900,2633925
668339,2633925
626848,2633925
626408,2633925
622768,2633925
632991,2633925
631816,2633925
628603,2633925
654035,2633925
623874,2633925
631585,2633925
643107,2633925
670275,2633925
623868,2633925
626948,2633925
623533,2633925
633143,2633925
633767,2633925
628624,2633925
623053,2633925
634067,2633925
639519,2633925
634721,2633925
623987,2633925
640996,2633925
631640,2633925
623526,2633925
626944,2633925
635278,2633925
630723,2633925
631800,2633925
624008,2633925
626362,2633925
624561,2633925
624040,2633925
634747,2633925
622733,2633925
627434,2633925
634493,2633925
632759,2633925
634880,2633925
638099,2633925
628896,2633925
625112,2633925
626154,2633925
631552,2633925
633432,2633925
634051,2633925
643542,2633925
626876,2633925
631867,2633925
626646,2633925
641183,2633925
653788,2633925
643671,2633925
624610,2633925
626132,2633925
631738,2633925
642217,2633925
627037,2633925
644328,2633925
629349,2633925
632130,2633925
643253,2633925
633621,2633925
626487,2633925
637535,2633925
625202,2633925
627389,2633925
630953,2633925
627423,2633925
624063,2633925
627524,2633925
627361,2633925
623454,2633925
624001,2633925
629280,2633925
635126,2633925
626713,2633925
636629,2633925
626392,2633925
631476,2633925
654228,2633925
628298,2633925
641640,2633925
629171,2633925
630894,2633925
624224,2633925
634046,2633925
640206,2633925
670918,2633925
663635,2633925
628815,2633925
624370,2633925
639338,2633925
632059,2633925
624560,2633925
626878,2633925
631566,2633925
624497,2633925
630844,2633925
624000,2633925
631661,2633925
650332,2633925
624377,2633925
628966,2633925
627390,2633925
633773,2633925
624240,2633925
623269,2633925
623097,2633925
642282,2633925
639461,2633925
627381,2633925
633151,2633925
638765,2633925
629277,2633925
641727,2633925
623698,2633925
623549,2633925
666266,2633925
627010,2633925
663650,2633925
637681,2633925
646723,2633925
631244,2633925
639850,2633925
666360,2633925
647112,2633925
631642,2633925
636259,2633925
630759,2633925
637169,2633925
627420,2633925
626878,2633925
642523,2633925
631595,2633925
623554,2633925
641158,2633925
626329,2633925
630925,2633925
659989,2633925
625680,2633925
629376,2633925
628982,2633925
626458,2633925
626730,2633925
628405,2633925
623668,2633925
663621,2633925
637117,2633925
624470,2633925
635457,2633925
631909,2633925
626741,2633925
653394,2633925
632443,2633925
645645,2633925
626695,2633925
624566,2633925
625651,2633925
626805,2633925
626687,2633925
640706,2633925
622800,2633925
633868,2633925
628409,2633925
633281,2633925
631653,2633925
645013,2633925
627017,2633925
653051,2633925
625236,2633925
631617,2633925
623602,2633925
625217,2633925
628290,2633925
627735,2633925
656204,2633925
628681,2633925
626392,2633925
627106,2633925
623093,2633925
668578,2633925
640143,2633925
627418,2633925
652504,2633925
634314,2633925
669761,2633925
625844,2633925
640869,2633925
626520,2633925
626548,2633925
626156,2633925
637922,2633925
638258,2633925
631588,2633925
623140,2633925
634920,2633925
642318,2633925
624626,2633925
627023,2633925
623729,2633925
638065,2633925
654402,2633925
632374,2633925
626316,2633925
664198,2633925
624650,2633925
639425,2633925
629794,2633925
630881,2633925
627560,2633925
633883,2633925
623638,2633925
624779,2633925
628563,2633925
628568,2633925
629464,2633925
647801,2633925
639746,2633925
623708,2633925
630887,2633925
626319,2633925
628592,2633925
629283,2633925
630466,2633925
626689,2633925
629930,2633925
625857,2633925
654403,2633925
623707,2633925
629614,2633925
626143,2633925
627024,2633925
2018,6900
2175,6900
2185,6900
1671,6900
1366,6900
1774,6900
1934,6900
1518,6900
1783,6900
1611,6900
1867,6900
1374,6900
1783,6900
2120,6900
2219,6900
2240,6900
2180,6900
2207,6900
1945,6900
1965,6900
2225,6900
1717,6900
1784,6900
1569,6900
2018,6900
1616,6900
1598,6900
1377,6900
2121,6900
2194,6900
1783,6900
1800,6900
1751,6900
1688,6900
1955,6900
1739,6900
1891,6900
1745,6900
1691,6900
1717,6900
1978,6900
1828,6900
1767,6900
1966,6900
1756,6900
1961,6900
1805,6900
1821,6900
1803,6900
1800,6900
1666,6900
1969,6900
1665,6900
1720,6900
1820,6900
1770,6900
1982,6900
1877,6900
1665,6900
1666,6900
1662,6900
1887,6900
1845,6900
1789,6900
1967,6900
1890,6900
1885,6900
1819,6900
1675,6900
1891,6900
1864,6900
1660,6900
1957,6900
1820,6900
1876,6900
1672,6900
1820,6900
1676,6900
1788,6900
1968,6900
1813,6900
1771,6900
1672,6900
1769,6900
1918,6900
1646,6900
1650,6900
1795,6900
1978,6900
1790,6900
1804,6900
1809,6900
1914,6900
1752,6900
1678,6900
1895,6900
1791,6900
1819,6900
1746,6900
1661,6900
1783,6900
1659,6900
1782,6900
1746,6900
1969,6900
1784,6900
1787,6900
1835,6900
1907,6900
1799,6900
1770,6900
1785,6900
1818,6900
1875,6900
1944,6900
1924,6900
1651,6900
1960,6900
1867,6900
1660,6900
1681,6900
1673,6900
1713,6900
1800,6900
1781,6900
1873,6900
1678,6900
1966,6900
1950,6900
1894,6900
1813,6900
1768,6900
1986,6900
1663,6900
1667,6900
1748,6900
1782,6900
1961,6900
1973,6900
1789,6900
1674,6900
1813,6900
1803,6900
1664,6900
1751,6900
1875,6900
1840,6900
1666,6900
1712,6900
1688,6900
1740,6900
1878,6900
1873,6900
1802,6900
1961,6900
1952,6900
1875,6900
1789,6900
1679,6900
1796,6900
1893,6900
1805,6900
1733,6900
1952,6900
1668,6900
1669,6900
1768,6900
1732,6900
1741,6900
1920,6900
1960,6900
1666,6900
1696,6900
1650,6900
1799,6900
1693,6900
1819,6900
1762,6900
1674,6900
1806,6900
1977,6900
1811,6900
1799,6900
1983,6900
1673,6900
1957,6900
1958,6900
1973,6900
1681,6900
1897,6900
1865,6900
1955,6900
1815,6900
1969,6900
1827,6900
1666,6900
1872,6900
1805,6900
1667,6900
1864,6900
1748,6900
1868,6900
1828,6900
1701,6900
1853,6900
1667,6900
1745,6900
1954,6900
1874,6900
1774,6900
1907,6900
1742,6900
1749,6900
1788,6900
1745,6900
1666,6900
1953,6900
1800,6900
1979,6900
1765,6900
1897,6900
1725,6900
1754,6900
1666,6900
1927,6900
1746,6900
1955,6900
1765,6900
1659,6900
1804,6900
1926,6900
1969,6900
1941,6900
1792,6900
1659,6900
1780,6900
1843,6900
1905,6900
1812,6900
1934,6900
1958,6900
1788,6900
1803,6900
1907,6900
1778,6900
1801,6900
1768,6900
1974,6900
1752,6900
1698,6900
1820,6900
1848,6900
1963,6900
1884,6900
1906,6900
1669,6900
1809,6900
1654,6900
1722,6900
1820,6900
1951,6900
1661,6900
1941,6900
1666,6900
1864,6900
1814,6900
1801,6900
1920,6900
1767,6900
1881,6900
1744,6900
1749,6900
1859,6900
1781,6900
1968,6900
1956,6900
1728,6900
1863,6900
1774,6900
1791,6900
1855,6900
1770,6900
1827,6900
1689,6900
1815,6900
1657,6900
1787,6900
1766,6900
1874,6900
1756,6900
1750,6900
1659,6900
1789,6900
1874,6900
1791,6900
1817,6900
1791,6900
1954,6900
1764,6900
1950,6900
1786,6900
1967,6900
1801,6900
1718,6900
1812,6900
1738,6900
1883,6900
1767,6900
1986,6900
1918,6900
1905,6900
1790,6900
1908,6900
1666,6900
1752,6900
1685,6900
1676,6900
1804,6900
1755,6900
1960,6900
1813,6900
1945,6900
1781,6900
1963,6900
1661,6900
1800,6900
1651,6900
1655,6900
1887,6900
1864,6900
1911,6900
1658,6900
1933,6900
1747,6900
1799,6900
1804,6900
1795,6900
1771,6900
1951,6900
1676,6900
1865,6900
1667,6900
1785,6900
1861,6900
1795,6900
1736,6900
1906,6900
1966,6900
1651,6900
1734,6900
1805,6900
1785,6900
1668,6900
1952,6900
1808,6900
1968,6900
1794,6900
1949,6900
1801,6900
1745,6900
1965,6900
1682,6900
1820,6900
1753,6900
1805,6900
1684,6900
1670,6900
1757,6900
1898,6900
1729,6900
1804,6900
1677,6900
1963,6900
1745,6900
1803,6900
1707,6900
1683,6900
1752,6900
1811,6900
1843,6900
1696,6900
1791,6900
1805,6900
1804,6900
1966,6900
1821,6900
1814,6900
1845,6900
1664,6900
1869,6900
1865,6900
1687,6900
1689,6900
1683,6900
1805,6900
1967,6900
1767,6900
1801,6900
1679,6900
1971,6900
1961,6900
1746,6900
1874,6900
1682,6900
1874,6900
1842,6900
1662,6900
1796,6900
1812,6900
1745,6900
1921,6900
1831,6900
1737,6900
1785,6900
1868,6900
1688,6900
1706,6900
1920,6900
1787,6900
1787,6900
1727,6900
1658,6900
1770,6900
1803,6900
1940,6900
1743,6900
1787,6900
1746,6900
1747,6900
1666,6900
15367,58800
1862,6900
1890,6900
1787,6900
1842,6900
1815,6900
1859,6900
1753,6900
1706,6900
1814,6900
1865,6900
1762,6900
1892,6900
1773,6900
1871,6900
1868,6900
1689,6900
1805,6900
1746,6900
1851,6900
1838,6900
1853,6900
1828,6900
1859,6900
1762,6900
1868,6900
1775,6900
1807,6900
1839,6900
1794,6900
1795,6900
1782,6900
1712,6900
1829,6900
1792,6900
1802,6900
1766,6900
1767,6900
1840,6900
1772,6900
1852,6900
1804,6900
1683,6900
1837,6900
1793,6900
1933,6900
1702,6900
1750,6900
1782,6900
1751,6900
1742,6900
1702,6900
1823,6900
1913,6900
1851,6900
1869,6900
1754,6900
1706,6900
1797,6900
1917,6900
1811,6900
1863,6900
1861,6900
1790,6900
1808,6900
1925,6900
1745,6900
1734,6900
1686,6900
1886,6900
1789,6900
1767,6900
1806,6900
1907,6900
1714,6900
1869,6900
1794,6900
1931,6900
1921,6900
1911,6900
1919,6900
1805,6900
1787,6900
1833,6900
1875,6900
1835,6900
1812,6900
1888,6900
1789,6900
1841,6900
1797,6900
1690,6900
1841,6900
1871,6900
1797,6900
1815,6900
1793,6900
1791,6900
1765,6900
1859,6900
1797,6900
1702,6900
1744,6900
1703,6900
1787,6900
1795,6900
1887,6900
1869,6900
1837,6900
1924,6900
1774,6900
1816,6900
1793,6900
1849,6900
1776,6900
1861,6900
1854,6900
1787,6900
1872,6900
1741,6900
1833,6900
1825,6900
1837,6900
1773,6900
1843,6900
1739,6900
1893,6900
1680,6900
1811,6900
1836,6900
1700,6900
1800,6900
1792,6900
1690,6900
1824,6900
1931,6900
1839,6900
1698,6900
1839,6900
1912,6900
1820,6900
1766,6900
1840,6900
1698,6900
1801,6900
1701,6900
1832,6900
1865,6900
1865,6900
1796,6900
1830,6900
1794,6900
1818,6900
1786,6900
1924,6900
1824,6900
1726,6900
1802,6900
1781,6900
1853,6900
1835,6900
1813,6900
1713,6900
1853,6900
1830,6900
1829,6900
1685,6900
1715,6900
1733,6900
1913,6900
1734,6900
1847,6900
1808,6900
1785,6900
1817,6900
1901,6900
1679,6900
1869,6900
1852,6900
1864,6900
1859,6900
1709,6900
1707,6900
1712,6900
1774,6900
1871,6900
1706,6900
1716,6900
1806,6900
1838,6900
1824,6900
1788,6900
1796,6900
1703,6900
1793,6900
1777,6900
1717,6900
1767,6900
1847,6900
1844,6900
1826,6900
1785,6900
1698,6900
1840,6900
1703,6900
1710,6900
1857,6900
1773,6900
1926,6900
1907,6900
1747,6900
1771,6900
1903,6900
1857,6900
1688,6900
1844,6900
1869,6900
1751,6900
1711,6900
1793,6900
1795,6900
1742,6900
1852,6900
1762,6900
1807,6900
1806,6900
1807,6900
1725,6900
1857,6900
1829,6900
1794,6900
1854,6900
1800,6900
1742,6900
1809,6900
1835,6900
1856,6900
1716,6900
1874,6900
1832,6900
1789,6900
1748,6900
1850,6900
1782,6900
1840,6900
1751,6900
1866,6900
1765,6900
1932,6900
1844,6900
1725,6900
1766,6900
1772,6900
1856,6900
1684,6900
1803,6900
1790,6900
1788,6900
1756,6900
1699,6900
1735,6900
1791,6900
1868,6900
1785,6900
1867,6900
1859,6900
1832,6900
1843,6900
1861,6900
1718,6900
1725,6900
1718,6900
1701,6900
1698,6900
1854,6900
1791,6900
1753,6900
1853,6900
1851,6900
1867,6900
1929,6900
1854,6900
1855,6900
1855,6900
1784,6900
1735,6900
1800,6900
1740,6900
1838,6900
1843,6900
1867,6900
1738,6900
1751,6900
1783,6900
1768,6900
1792,6900
1723,6900
1785,6900
1724,6900
1895,6900
1852,6900
1854,6900
1690,6900
1791,6900
1841,6900
1814,6900
1746,6900
1796,6900
1711,6900
1770,6900
1825,6900
1787,6900
1850,6900
1795,6900
1804,6900
1844,6900
1745,6900
1869,6900
1843,6900
1864,6900
1806,6900
1838,6900
1839,6900
1745,6900
1903,6900
1834,6900
1698,6900
1862,6900
1782,6900
1871,6900
1936,6900
1694,6900
1744,6900
1790,6900
1795,6900
1841,6900
1862,6900
1702,6900
1710,6900
1875,6900
1798,6900
1889,6900
1740,6900
1892,6900
1761,6900
1834,6900
1854,6900
1926,6900
1768,6900
1785,6900
1823,6900
1864,6900
1869,6900
1699,6900
1700,6900
1783,6900
1753,6900
1711,6900
1788,6900
1802,6900
1794,6900
1811,6900
1813,6900
1775,6900
1864,6900
1797,6900
1833,6900
1742,6900
1698,6900
1840,6900
1861,6900
1786,6900
1910,6900
1847,6900
1743,6900
1847,6900
1834,6900
1783,6900
1683,6900
1782,6900
1901,6900
1864,6900
1834,6900
1852,6900
1855,6900
1793,6900
1791,6900
1858,6900
1838,6900
1790,6900
1789,6900
1853,6900
1862,6900
1785,6900
1793,6900
1832,6900
1728,6900
1703,6900
1816,6900
1705,6900
1865,6900
15475,58800
13935,58800
16012,58800
16310,58800
16276,58800
15962,58800
15318,58800
15954,58800
15296,58800
16423,58800
15944,58800
14004,58800
15566,58800
15944,58800
15416,58800
14299,58800
15435,58800
15539,58800
15499,58800
14567,58800
14492,58800
13819,58800
13869,58800
14407,58800
15989,58800
14323,58800
16481,58800
14428,58800
15746,58800
15021,58800
15997,58800
15951,58800
13934,58800
15718,58800
15192,58800
14411,58800
14851,58800
13799,58800
16122,58800
16368,58800
14567,58800
16006,58800
15117,58800
16066,58800
14716,58800
15339,58800
15543,58800
16012,58800
16380,58800
14463,58800
15261,58800
15641,58800
14460,58800
16420,58800
15347,58800
14704,58800
15820,58800
14257,58800
14101,58800
14404,58800
14197,58800
14609,58800
14931,58800
15199,58800
15552,58800
13828,58800
14987,58800
16078,58800
16366,58800
15191,58800
16434,58800
15938,58800
15599,58800
13934,58800
15871,58800
14583,58800
14846,58800
15690,58800
16329,58800
13831,58800
13867,58800
16404,58800
13826,58800
14422,58800
15923,58800
16335,58800
15931,58800
14932,58800
14793,58800
16404,58800
14410,58800
14912,58800
14425,58800
14097,58800
13815,58800
15956,58800
16328,58800
13800,58800
14135,58800
16066,58800
15823,58800
13807,58800
13839,58800
15212,58800
13927,58800
15991,58800
14686,58800
14086,58800
13825,58800
14196,58800
15330,58800
14942,58800
15399,58800
15076,58800
15993,58800
14313,58800
14416,58800
14102,58800
14424,58800
16131,58800
13812,58800
13811,58800
15873,58800
16347,58800
14383,58800
16014,58800
16134,58800
14309,58800
14044,58800
16085,58800
16360,58800
15197,58800
14787,58800
15959,58800
15967,58800
16089,58800
15556,58800
15164,58800
16402,58800
15786,58800
15606,58800
14430,58800
16046,58800
13820,58800
15549,58800
14030,58800
15922,58800
16506,58800
16073,58800
16155,58800
15180,58800
15431,58800
16391,58800
16401,58800
14858,58800
15917,58800
16410,58800
15946,58800
14372,58800
16119,58800
16078,58800
14271,58800
16016,58800
14851,58800
15342,58800
16406,58800
15406,58800
14075,58800
13792,58800
14160,58800
14739,58800
15902,58800
15217,58800
14409,58800
13798,58800
14824,58800
15848,58800
13833,58800
13869,58800
16003,58800
14524,58800
16001,58800
16118,58800
15983,58800
16085,58800
15199,58800
15927,58800
14422,58800
14004,58800
14512,58800
14972,58800
16118,58800
16075,58800
15207,58800
16359,58800
15988,58800
15223,58800
15146,58800
13816,58800
14419,58800
14441,58800
14942,58800
16146,58800
14100,58800
14557,58800
16355,58800
13824,58800
13849,58800
16205,58800
15276,58800
16101,58800
14510,58800
15943,58800
14160,58800
15001,58800
15629,58800
13870,58800
14960,58800
15395,58800
15927,58800
14328,58800
15949,58800
14435,58800
16099,58800
14511,58800
14788,58800
15968,58800
16353,58800
15624,58800
14419,58800
15930,58800
14273,58800
15921,58800
15871,58800
15988,58800
16001,58800
15398,58800
16406,58800
16370,58800
15945,58800
16083,58800
15537,58800
14626,58800
16175,58800
14279,58800
13806,58800
14850,58800
16163,58800
15939,58800
14831,58800
16330,58800
15407,58800
15522,58800
15991,58800
15989,58800
15401,58800
14468,58800
15978,58800
16030,58800
14720,58800
14515,58800
15650,58800
14520,58800
15615,58800
13827,58800
13814,58800
16344,58800
16100,58800
15332,58800
13811,58800
13857,58800
14985,58800
15775,58800
15311,58800
16016,58800
15964,58800
16459,58800
14850,58800
13902,58800
16106,58800
15933,58800
14415,58800
14033,58800
14572,58800
13797,58800
13828,58800
13932,58800
13933,58800
16076,58800
13834,58800
15692,58800
14835,58800
16282,58800
14032,58800
16342,58800
16338,58800
16358,58800
14803,58800
15650,58800
16441,58800
16260,58800
14355,58800
15785,58800
16018,58800
15302,58800
14410,58800
13826,58800
16077,58800
16125,58800
13844,58800
14787,58800
15970,58800
16369,58800
13829,58800
15406,58800
14115,58800
13864,58800
15991,58800
16162,58800
15823,58800
15945,58800
14621,58800
15427,58800
16399,58800
14508,58800
15407,58800
15210,58800
16334,58800
14441,58800
14565,58800
14779,58800
14137,58800
14849,58800
15801,58800
16427,58800
14596,58800
15703,58800
16181,58800
16088,58800
15801,58800
16414,58800
14196,58800
14785,58800
16329,58800
14166,58800
16069,58800
15701,58800
14507,58800
16410,58800
15801,58800
16011,58800
15535,58800
15989,58800
16513,58800
16010,58800
15275,58800
16058,58800
15497,58800
14471,58800
13808,58800
14932,58800
15317,58800
14104,58800
15580,58800
15292,58800
15942,58800
16015,58800
16440,58800
14743,58800
13826,58800
16335,58800
14948,58800
13893,58800
13871,58800
14509,58800
14061,58800
13877,58800
15991,58800
13810,58800
16498,58800
16100,58800
14633,58800
14302,58800
16122,58800
14008,58800
16316,58800
14559,58800
13951,58800
15999,58800
14841,58800
16089,58800
16048,58800
16050,58800
16078,58800
16395,58800
15599,58800
15943,58800
16136,58800
15993,58800
14427,58800
57488,202575
44873,202575
42835,202575
42869,202575
58303,202575
55468,202575
44621,202575
55678,202575
57167,202575
58494,202575
57065,202575
45503,202575
59138,202575
58213,202575
51136,202575
43922,202575
59181,202575
53956,202575
43560,202575
58547,202575
51595,202575
57640,202575
58188,202575
58249,202575
42753,202575
55018,202575
59150,202575
59356,202575
43961,202575
47909,202575
43004,202575
55440,202575
56559,202575
56247,202575
43281,202575
52049,202575
48114,202575
54352,202575
57067,202575
47823,202575
48807,202575
57462,202575
54795,202575
52888,202575
55989,202575
42872,202575
56914,202575
56922,202575
51833,202575
55299,202575
52885,202575
53475,202575
56901,202575
57902,202575
57027,202575
45933,202575
58038,202575
56099,202575
44961,202575
58305,202575
42845,202575
53670,202575
45391,202575
54309,202575
45209,202575
46112,202575
52010,202575
58308,202575
54125,202575
53809,202575
53328,202575
58125,202575
49050,202575
56515,202575
53779,202575
42849,202575
43669,202575
58461,202575
44207,202575
48556,202575
56860,202575
48248,202575
53806,202575
58851,202575
58290,202575
43360,202575
51301,202575
45475,202575
58353,202575
56892,202575
42909,202575
46942,202575
51803,202575
45558,202575
43483,202575
58256,202575
44568,202575
45470,202575
45850,202575
42758,202575
57812,202575
57412,202575
52015,202575
58099,202575
42820,202575
44962,202575
52319,202575
57442,202575
58347,202575
56220,202575
43093,202575
55532,202575
43155,202575
50486,202575
42889,202575
51659,202575
57076,202575
56428,202575
52405,202575
57116,202575
57264,202575
42814,202575
47961,202575
58623,202575
58627,202575
47317,202575
44979,202575
57090,202575
59290,202575
56228,202575
44304,202575
58964,202575
56025,202575
50635,202575
50106,202575
44142,202575
42731,202575
58927,202575
50639,202575
42867,202575
43464,202575
58752,202575
43389,202575
45625,202575
43384,202575
57060,202575
58621,202575
57673,202575
55835,202575
44812,202575
56426,202575
49077,202575
45486,202575
53775,202575
51940,202575
43030,202575
46296,202575
57434,202575
53581,202575
55921,202575
42990,202575
58827,202575
54180,202575
43059,202575
51786,202575
55219,202575
52348,202575
48213,202575
43974,202575
59145,202575
46430,202575
49200,202575
55846,202575
43380,202575
59156,202575
56942,202575
54913,202575
58875,202575
59294,202575
58926,202575
57457,202575
43074,202575
57042,202575
45667,202575
57241,202575
56444,202575
49758,202575
45281,202575
56347,202575
55650,202575
57076,202575
52511,202575
56118,202575
57094,202575
49695,202575
45158,202575
52798,202575
59181,202575
43009,202575
43377,202575
52245,202575
46075,202575
54528,202575
57357,202575
55120,202575
44740,202575
58775,202575
42884,202575
59171,202575
55887,202575
52944,202575
43186,202575
45659,202575
56982,202575
48175,202575
58340,202575
56221,202575
48282,202575
56995,202575
53769,202575
57233,202575
56000,202575
56917,202575
57082,202575
45458,202575
57244,202575
53631,202575
58916,202575
44748,202575
55511,202575
43627,202575
58615,202575
48209,202575
56035,202575
43356,202575
44149,202575
55890,202575
42710,202575
51013,202575
51673,202575
58854,202575
55160,202575
56275,202575
58341,202575
45781,202575
55902,202575
57133,202575
46053,202575
45795,202575
52791,202575
53348,202575
53145,202575
48090,202575
58983,202575
59013,202575
57178,202575
54708,202575
49341,202575
57220,202575
54185,202575
53672,202575
43430,202575
49927,202575
52156,202575
49398,202575
47152,202575
58255,202575
45584,202575
42858,202575
43982,202575
44919,202575
54158,202575
43654,202575
43258,202575
50737,202575
57031,202575
45526,202575
57460,202575
48586,202575
43316,202575
52886,202575
58862,202575
58247,202575
42890,202575
54168,202575
57133,202575
44089,202575
56553,202575
45127,202575
54974,202575
54909,202575
56917,202575
59311,202575
43283,202575
58214,202575
56462,202575
43358,202575
55281,202575
58709,202575
45582,202575
43778,202575
58358,202575
49151,202575
44160,202575
54476,202575
50593,202575
42945,202575
44122,202575
43703,202575
51365,202575
42754,202575
42940,202575
57385,202575
42875,202575
57012,202575
52898,202575
56137,202575
42889,202575
56110,202575
44926,202575
56704,202575
56111,202575
50150,202575
57188,202575
43063,202575
58597,202575
42997,202575
56002,202575
57031,202575
44218,202575
43336,202575
47322,202575
58171,202575
42848,202575
53360,202575
56893,202575
57163,202575
55513,202575
59182,202575
42901,202575
54452,202575
42851,202575
47056,202575
43822,202575
57054,202575
55511,202575
57240,202575
52649,202575
43113,202575
43966,202575
42707,202575
42717,202575
55995,202575
56886,202575
49236,202575
43767,202575
53357,202575
43062,202575
56548,202575
43032,202575
47680,202575
47220,202575
54593,202575
58293,202575
45193,202575
48209,202575
57143,202575
45191,202575
56115,202575
57056,202575
50328,202575
57459,202575
45148,202575
57171,202575
46183,202575
43111,202575
55940,202575
42872,202575
45106,202575
58619,202575
55627,202575
43891,202575
58190,202575
58863,202575
52222,202575
52971,202575
57150,202575
57207,202575
42813,202575
43063,202575
56924,202575
57264,202575
45907,202575
46075,202575
54612,202575
57559,202575
43378,202575
43028,202575
58204,202575
59189,202575
118298,485100
123437,485100
123570,485100
118023,485100
118998,485100
118676,485100
130181,485100
119508,485100
128565,485100
125070,485100
127162,485100
117304,485100
117222,485100
128442,485100
128238,485100
130154,485100
128612,485100
128809,485100
129081,485100
127865,485100
129500,485100
124432,485100
128669,485100
116667,485100
117389,485100
129509,485100
128653,485100
120046,485100
120874,485100
121063,485100
120592,485100
119004,485100
126962,485100
119091,485100
128627,485100
129709,485100
129505,485100
127017,485100
130223,485100
129040,485100
117028,485100
128717,485100
118024,485100
127790,485100
128129,485100
129882,485100
118156,485100
121070,485100
129215,485100
127119,485100
116722,485100
128953,485100
127285,485100
127567,485100
128804,485100
127197,485100
128953,485100
116472,485100
122293,485100
128729,485100
126240,485100
118177,485100
127145,485100
116833,485100
128641,485100
124236,485100
128617,485100
116672,485100
129264,485100
122801,485100
118866,485100
128673,485100
116483,485100
120757,485100
128660,485100
129935,485100
129821,485100
116202,485100
125581,485100
123528,485100
127143,485100
126949,485100
118594,485100
128146,485100
128468,485100
118439,485100
119518,485100
120916,485100
129090,485100
129025,485100
126733,485100
128100,485100
128011,485100
119700,485100
129755,485100
126838,485100
118440,485100
118164,485100
120181,485100
128565,485100
119685,485100
129860,485100
120584,485100
129902,485100
130364,485100
128360,485100
116452,485100
120623,485100
117677,485100
121672,485100
129089,485100
116296,485100
117717,485100
117365,485100
127844,485100
129738,485100
117669,485100
117481,485100
128016,485100
128878,485100
123688,485100
121946,485100
126594,485100
128780,485100
128841,485100
129043,485100
125027,485100
128464,485100
118236,485100
123785,485100
124125,485100
128511,485100
116725,485100
127470,485100
124127,485100
119337,485100
119153,485100
130234,485100
116406,485100
123733,485100
128817,485100
129502,485100
124990,485100
123950,485100
125200,485100
122708,485100
128740,485100
119560,485100
125442,485100
129588,485100
118665,485100
116652,485100
120737,485100
123560,485100
129001,485100
117375,485100
119013,485100
125216,485100
127945,485100
124275,485100
127335,485100
129925,485100
129662,485100
129833,485100
127465,485100
119145,485100
127993,485100
130150,485100
128657,485100
118338,485100
127290,485100
128081,485100
123938,485100
119952,485100
129840,485100
129215,485100
119335,485100
129677,485100
129863,485100
127070,485100
117977,485100
119511,485100
127959,485100
129102,485100
119960,485100
116411,485100
130135,485100
119942,485100
128044,485100
128377,485100
126974,485100
129858,485100
128131,485100
128648,485100
119300,485100
128672,485100
126863,485100
128521,485100
129878,485100
126275,485100
130090,485100
123711,485100
118165,485100
129206,485100
129403,485100
129929,485100
123247,485100
124224,485100
129345,485100
129102,485100
124268,485100
123115,485100
127308,485100
116411,485100
117761,485100
129873,485100
127064,485100
129782,485100
117345,485100
128234,485100
116652,485100
118306,485100
119146,485100
129054,485100
120257,485100
127772,485100
117304,485100
126967,485100
126769,485100
125256,485100
128992,485100
130089,485100
130145,485100
120340,485100
128802,485100
116205,485100
119363,485100
124257,485100
117738,485100
128601,485100
129661,485100
130181,485100
126787,485100
127467,485100
129641,485100
127094,485100
128125,485100
128741,485100
129549,485100
129887,485100
126893,485100
118675,485100
127416,485100
129506,485100
117466,485100
123522,485100
116445,485100
129485,485100
116615,485100
127469,485100
129676,485100
128624,485100
118433,485100
117097,485100
119415,485100
116877,485100
116773,485100
127292,485100
128841,485100
128681,485100
129422,485100
129917,485100
128514,485100
129809,485100
129851,485100
125773,485100
128917,485100
129853,485100
129607,485100
129854,485100
128115,485100
129286,485100
123064,485100
126866,485100
128956,485100
128757,485100
125665,485100
129923,485100
127127,485100
121453,485100
116728,485100
122765,485100
127124,485100
127289,485100
125240,485100
117472,485100
129776,485100
129911,485100
129812,485100
117255,485100
117997,485100
129261,485100
123684,485100
126650,485100
124146,485100
128035,485100
118327,485100
127850,485100
128493,485100
124069,485100
129840,485100
118637,485100
129830,485100
129180,485100
122809,485100
127517,485100
128136,485100
128533,485100
128916,485100
129623,485100
128109,485100
128742,485100
128517,485100
130326,485100
127286,485100
127621,485100
128852,485100
129855,485100
128070,485100
119475,485100
128643,485100
129005,485100
124303,485100
126620,485100
128477,485100
129682,485100
122355,485100
128167,485100
117319,485100
119885,485100
123226,485100
122637,485100
118756,485100
124157,485100
129842,485100
126923,485100
127930,485100
124394,485100
129009,485100
117539,485100
130367,485100
123924,485100
124035,485100
118379,485100
118127,485100
127463,485100
129894,485100
128734,485100
122925,485100
116653,485100
126821,485100
129895,485100
128317,485100
124255,485100
116405,485100
128791,485100
118048,485100
126378,485100
129809,485100
119730,485100
127289,485100
119684,485100
118707,485100
119587,485100
116466,485100
124749,485100
129661,485100
129218,485100
122701,485100
129939,485100
119556,485100
118976,485100
124640,485100
129652,485100
124934,485100
123219,485100
125112,485100
127953,485100
128131,485100
128725,485100
116524,485100
126987,485100
116457,485100
127563,485100
118382,485100
129500,485100
129238,485100
118123,485100
128622,485100
129282,485100
254664,953250
221549,953250
237426,953250
245044,953250
235286,953250
255932,953250
269101,953250
222507,953250
240612,953250
265072,953250
221743,953250
236401,953250
222281,953250
246017,953250
254152,953250
229786,953250
268152,953250
225573,953250
225296,953250
252531,953250
263298,953250
230942,953250
240070,953250
248898,953250
242888,953250
253850,953250
248595,953250
245121,953250
246230,953250
243329,953250
251751,953250
256549,953250
245549,953250
225406,953250
223187,953250
242924,953250
256574,953250
269188,953250
242776,953250
246027,953250
243525,953250
246178,953250
243301,953250
258358,953250
226363,953250
262270,953250
230335,953250
243866,953250
265102,953250
254354,953250
246238,953250
243263,953250
222064,953250
237418,953250
244144,953250
235958,953250
238896,953250
223260,953250
230358,953250
245175,953250
222954,953250
221638,953250
249949,953250
222992,953250
264429,953250
244891,953250
233824,953250
249328,953250
256527,953250
237016,953250
225896,953250
241828,953250
243974,953250
226050,953250
259483,953250
245374,953250
241766,953250
243087,953250
223533,953250
243260,953250
243625,953250
241931,953250
261497,953250
246212,953250
245533,953250
245478,953250
243385,953250
256816,953250
266998,953250
247043,953250
223458,953250
242757,953250
239470,953250
268735,953250
245057,953250
248765,953250
249695,953250
245733,953250
265898,953250
245160,953250
228504,953250
246160,953250
259795,953250
254006,953250
246218,953250
242697,953250
247915,953250
233907,953250
246563,953250
244407,953250
244198,953250
230132,953250
258287,953250
244203,953250
251559,953250
242917,953250
243896,953250
268158,953250
249362,953250
244969,953250
244084,953250
222812,953250
241772,953250
239213,953250
245830,953250
243275,953250
268620,953250
231872,953250
242735,953250
230151,953250
224982,953250
242905,953250
255590,953250
243265,953250
224400,953250
245492,953250
245139,953250
225902,953250
263389,953250
225514,953250
248149,953250
243502,953250
242280,953250
267402,953250
230100,953250
242770,953250
228915,953250
245155,953250
241140,953250
244076,953250
224699,953250
247555,953250
242748,953250
244080,953250
243557,953250
248708,953250
243274,953250
269166,953250
246259,953250
227877,953250
231837,953250
263851,953250
243311,953250
243527,953250
251463,953250
260253,953250
269150,953250
221747,953250
248503,953250
229582,953250
235784,953250
243421,953250
230972,953250
260240,953250
245960,953250
248289,953250
243254,953250
262146,953250
232434,953250
241964,953250
242925,953250
243345,953250
237091,953250
261601,953250
225451,953250
239332,953250
232715,953250
246191,953250
232385,953250
229288,953250
227802,953250
243519,953250
253068,953250
242612,953250
233100,953250
257749,953250
243386,953250
243730,953250
244555,953250
245005,953250
260089,953250
224419,953250
244952,953250
236912,953250
267033,953250
251723,953250
248917,953250
253261,953250
241632,953250
221839,953250
239818,953250
245164,953250
221547,953250
222037,953250
263900,953250
243670,953250
241977,953250
225258,953250
245300,953250
221695,953250
269039,953250
247349,953250
222905,953250
224894,953250
239109,953250
243222,953250
245429,953250
246131,953250
246246,953250
224562,953250
223542,953250
236143,953250
246707,953250
251355,953250
246016,953250
224919,953250
243544,953250
267665,953250
268410,953250
221679,953250
223391,953250
246221,953250
231633,953250
254677,953250
269012,953250
266232,953250
256969,953250
243335,953250
237381,953250
223475,953250
225146,953250
238382,953250
246093,953250
269168,953250
227473,953250
229783,953250
267100,953250
257635,953250
222498,953250
244987,953250
243455,953250
259082,953250
263950,953250
245170,953250
222361,953250
257158,953250
226439,953250
233506,953250
242993,953250
265921,953250
242672,953250
222334,953250
232361,953250
265216,953250
245617,953250
224521,953250
228922,953250
269284,953250
262640,953250
246266,953250
225905,953250
224779,953250
262995,953250
221933,953250
237339,953250
243248,953250
256557,953250
223239,953250
244167,953250
267799,953250
227938,953250
252816,953250
258697,953250
233401,953250
249487,953250
243410,953250
222709,953250
242939,953250
251469,953250
222734,953250
252514,953250
234647,953250
254235,953250
225956,953250
245824,953250
249716,953250
223946,953250
242746,953250
269040,953250
245860,953250
222547,953250
228233,953250
221738,953250
242735,953250
224265,953250
269017,953250
246188,953250
241613,953250
225446,953250
244704,953250
269013,953250
241616,953250
243941,953250
268378,953250
235783,953250
229559,953250
252962,953250
236091,953250
225584,953250
269217,953250
242854,953250
246259,953250
265107,953250
245843,953250
245302,953250
242738,953250
245963,953250
242436,953250
243404,953250
243488,953250
242763,953250
228306,953250
264718,953250
266211,953250
221490,953250
253671,953250
223194,953250
243952,953250
223887,953250
228149,953250
223486,953250
244214,953250
223484,953250
237415,953250
226090,953250
241977,953250
267627,953250
259216,953250
222221,953250
259227,953250
269274,953250
242665,953250
269278,953250
223905,953250
227164,953250
249247,953250
266486,953250
242937,953250
221764,953250
224884,953250
260969,953250
268138,953250
225443,953250
242949,953250
241980,953250
232520,953250
228558,953250
245748,953250
224415,953250
241997,953250
221329,953250
228361,953250
221664,953250
241128,953250
248130,953250
255452,953250
269047,953250
259936,953250
269020,953250
246168,953250
242816,953250
230291,953250
242723,953250
243265,953250
243435,953250
259049,953250
243849,953250
223806,953250
247445,953250
231638,953250
442892,1653900
453683,1653900
423564,1653900
463641,1653900
425826,1653900
414632,1653900
427821,1653900
452153,1653900
416121,1653900
431549,1653900
437155,1653900
422621,1653900
435871,1653900
436199,1653900
407224,1653900
412415,1653900
440599,1653900
418565,1653900
393439,1653900
420317,1653900
390986,1653900
391791,1653900
392964,1653900
391217,1653900
431622,1653900
390943,1653900
470758,1653900
455661,1653900
454384,1653900
411093,1653900
471031,1653900
403108,1653900
427189,1653900
441380,1653900
451981,1653900
470694,1653900
391222,1653900
433312,1653900
432283,1653900
444302,1653900
464400,1653900
395335,1653900
402693,1653900
468843,1653900
471592,1653900
439720,1653900
421784,1653900
404508,1653900
393349,1653900
414186,1653900
404393,1653900
392647,1653900
414705,1653900
433161,1653900
396657,1653900
427434,1653900
468535,1653900
422619,1653900
467304,1653900
471178,1653900
401031,1653900
457159,1653900
443675,1653900
441020,1653900
404283,1653900
469901,1653900
408582,1653900
469277,1653900
398823,1653900
438497,1653900
435915,1653900
430853,1653900
460151,1653900
391655,1653900
393608,1653900
406768,1653900
417034,1653900
414944,1653900
439376,1653900
449416,1653900
431337,1653900
405337,1653900
402356,1653900
437913,1653900
461164,1653900
402341,1653900
412551,1653900
450721,1653900
417457,1653900
415465,1653900
435992,1653900
456673,1653900
398073,1653900
428299,1653900
436335,1653900
390313,1653900
394798,1653900
435989,1653900
451461,1653900
429772,1653900
393319,1653900
436876,1653900
395649,1653900
444363,1653900
470724,1653900
447294,1653900
417493,1653900
409578,1653900
416340,1653900
398025,1653900
440032,1653900
390458,1653900
391537,1653900
394796,1653900
443187,1653900
435705,1653900
393012,1653900
470783,1653900
417160,1653900
464785,1653900
424249,1653900
435266,1653900
395595,1653900
391460,1653900
438324,1653900
395855,1653900
457854,1653900
416189,1653900
391006,1653900
398934,1653900
416407,1653900
462846,1653900
441984,1653900
414618,1653900
456082,1653900
416148,1653900
392916,1653900
397466,1653900
391943,1653900
436274,1653900
437754,1653900
416307,1653900
395446,1653900
416295,1653900
426131,1653900
390839,1653900
431318,1653900
421850,1653900
411318,1653900
422986,1653900
459303,1653900
431382,1653900
396855,1653900
425902,1653900
431831,1653900
429168,1653900
432165,1653900
465461,1653900
440984,1653900
457539,1653900
409360,1653900
416242,1653900
390562,1653900
410004,1653900
393320,1653900
425512,1653900
452273,1653900
452942,1653900
411562,1653900
408335,1653900
416255,1653900
440989,1653900
417932,1653900
395712,1653900
466082,1653900
446680,1653900
397394,1653900
450761,1653900
414166,1653900
403017,1653900
401450,1653900
400364,1653900
416252,1653900
442346,1653900
431488,1653900
455292,1653900
418790,1653900
392329,1653900
421110,1653900
409176,1653900
396800,1653900
390549,1653900
467297,1653900
394812,1653900
413714,1653900
429719,1653900
418073,1653900
428140,1653900
411462,1653900
463460,1653900
417050,1653900
398249,1653900
434934,1653900
399879,1653900
401313,1653900
466728,1653900
404586,1653900
395891,1653900
391171,1653900
449068,1653900
408171,1653900
417623,1653900
442605,1653900
440968,1653900
392776,1653900
393034,1653900
435270,1653900
426511,1653900
424502,1653900
432960,1653900
455653,1653900
422534,1653900
471227,1653900
417291,1653900
416413,1653900
399585,1653900
425217,1653900
454158,1653900
416297,1653900
430917,1653900
456187,1653900
425063,1653900
409632,1653900
424576,1653900
418636,1653900
397680,1653900
394389,1653900
391057,1653900
392761,1653900
435812,1653900
442664,1653900
468191,1653900
464702,1653900
429277,1653900
418217,1653900
425782,1653900
432738,1653900
417473,1653900
397494,1653900
461140,1653900
470778,1653900
409498,1653900
391754,1653900
416373,1653900
393382,1653900
442362,1653900
395102,1653900
416167,1653900
399186,1653900
416482,1653900
471860,1653900
395740,1653900
417509,1653900
431138,1653900
412743,1653900
403542,1653900
394656,1653900
471003,1653900
405035,1653900
464713,1653900
439772,1653900
390575,1653900
413856,1653900
421071,1653900
469961,1653900
415557,1653900
416387,1653900
417491,1653900
458341,1653900
413678,1653900
390574,1653900
391345,1653900
463001,1653900
409878,1653900
465555,1653900
409224,1653900
471777,1653900
424054,1653900
446199,1653900
417415,1653900
438014,1653900
430229,1653900
419685,1653900
450721,1653900
398754,1653900
417811,1653900
430445,1653900
412713,1653900
429277,1653900
401746,1653900
411960,1653900
464864,1653900
468874,1653900
415243,1653900
440019,1653900
393543,1653900
438317,1653900
392178,1653900
464129,1653900
396917,1653900
464681,1653900
421164,1653900
416394,1653900
416517,1653900
417538,1653900
404379,1653900
413673,1653900
418671,1653900
435589,1653900
434625,1653900
431485,1653900
401308,1653900
415180,1653900
409870,1653900
391178,1653900
459224,1653900
451314,1653900
471715,1653900
390899,1653900
415992,1653900
394948,1653900
407734,1653900
400371,1653900
390259,1653900
427909,1653900
453168,1653900
391123,1653900
419947,1653900
393396,1653900
415946,1653900
430248,1653900
437102,1653900
418976,1653900
411744,1653900
393588,1653900
416556,1653900
423965,1653900
417070,1653900
467117,1653900
402974,1653900
466474,1653900
426872,1653900
435958,1653900
410863,1653900
415373,1653900
416372,1653900
403122,1653900
448567,1653900
451701,1653900
416259,1653900
402373,1653900
416281,1653900
407717,1653900
452219,1653900
432557,1653900
428070,1653900
416738,1653900
421780,1653900
406811,1653900
395516,1653900
463741,1653900
453041,1653900
460460,1653900
417958,1653900
391606,1653900
395225,1653900
415979,1653900
400759,1653900
416041,1653900
430945,1653900
434887,1653900
460222,1653900
401552,1653900
425638,1653900
392806,1653900
460807,1653900
434643,1653900
452276,1653900
392227,1653900
390491,1653900
396808,1653900
423210,1653900
391931,1653900
438109,1653900
402898,1653900
391300,1653900
416187,1653900
417422,1653900
450896,1653900
399776,1653900
698797,2633925
703921,2633925
662633,2633925
674658,2633925
677635,2633925
703902,2633925
673112,2633925
675705,2633925
695474,2633925
680956,2633925
677492,2633925
673918,2633925
671104,2633925
676272,2633925
697287,2633925
680973,2633925
676995,2633925
663938,2633925
702424,2633925
681870,2633925
681120,2633925
698150,2633925
687644,2633925
704677,2633925
682117,2633925
671975,2633925
677245,2633925
692801,2633925
670790,2633925
702413,2633925
680957,2633925
673711,2633925
669410,2633925
664072,2633925
672770,2633925
681212,2633925
695689,2633925
670256,2633925
663791,2633925
669055,2633925
665031,2633925
666771,2633925
691391,2633925
679316,2633925
669495,2633925
680187,2633925
676197,2633925
681025,2633925
674562,2633925
670637,2633925
665246,2633925
705430,2633925
675231,2633925
682111,2633925
664142,2633925
673299,2633925
672386,2633925
681248,2633925
662730,2633925
671796,2633925
695905,2633925
673611,2633925
692381,2633925
675609,2633925
704883,2633925
669063,2633925
669606,2633925
680898,2633925
678656,2633925
686487,2633925
681528,2633925
681086,2633925
695978,2633925
686446,2633925
680020,2633925
678718,2633925
664050,2633925
665287,2633925
697096,2633925
674601,2633925
671964,2633925
669420,2633925
674985,2633925
687377,2633925
679737,2633925
703479,2633925
673439,2633925
688007,2633925
681933,2633925
678117,2633925
681111,2633925
675188,2633925
671918,2633925
667555,2633925
670996,2633925
674207,2633925
677969,2633925
671170,2633925
675721,2633925
681169,2633925
673043,2633925
681459,2633925
674437,2633925
675981,2633925
671905,2633925
677510,2633925
671027,2633925
690072,2633925
664377,2633925
673093,2633925
663916,2633925
671559,2633925
679605,2633925
687706,2633925
684564,2633925
669444,2633925
668512,2633925
681167,2633925
665681,2633925
663312,2633925
669071,2633925
666929,2633925
676706,2633925
671148,2633925
677229,2633925
663660,2633925
664168,2633925
676928,2633925
671641,2633925
670977,2633925
701494,2633925
679020,2633925
672891,2633925
680037,2633925
671744,2633925
673101,2633925
672095,2633925
675163,2633925
681583,2633925
671588,2633925
665111,2633925
694752,2633925
678685,2633925
670768,2633925
673494,2633925
687609,2633925
704016,2633925
681405,2633925
676748,2633925
681150,2633925
671410,2633925
672340,2633925
673160,2633925
674675,2633925
663386,2633925
672414,2633925
672246,2633925
679432,2633925
680978,2633925
670629,2633925
681495,2633925
676161,2633925
663960,2633925
698450,2633925
669713,2633925
681177,2633925
669144,2633925
669921,2633925
679034,2633925
671096,2633925
680136,2633925
669515,2633925
663130,2633925
682470,2633925
665019,2633925
670944,2633925
675436,2633925
676104,2633925
697201,2633925
681114,2633925
665891,2633925
663385,2633925
675354,2633925
663123,2633925
677117,2633925
671406,2633925
678599,2633925
671205,2633925
668292,2633925
704341,2633925
668307,2633925
677390,2633925
687873,2633925
682366,2633925
678222,2633925
688373,2633925
673718,2633925
686935,2633925
672208,2633925
677536,2633925
705277,2633925
683236,2633925
689758,2633925
681379,2633925
669438,2633925
672761,2633925
689222,2633925
663872,2633925
691735,2633925
674157,2633925
662750,2633925
703000,2633925
671155,2633925
678297,2633925
703890,2633925
681443,2633925
703241,2633925
704679,2633925
666877,2633925
671609,2633925
671894,2633925
665272,2633925
671795,2633925
667957,2633925
664939,2633925
682153,2633925
698564,2633925
687366,2633925
672595,2633925
662910,2633925
696766,2633925
705202,2633925
662791,2633925
685823,2633925
704389,2633925
681421,2633925
687688,2633925
680977,2633925
664926,2633925
666602,2633925
671873,2633925
684628,2633925
668150,2633925
677669,2633925
671360,2633925
679584,2633925
672061,2633925
672797,2633925
663205,2633925
688026,2633925
687334,2633925
663277,2633925
663720,2633925
671281,2633925
663917,2633925
687249,2633925
671478,2633925
663329,2633925
663829,2633925
665724,2633925
697337,2633925
671992,2633925
679008,2633925
677804,2633925
700185,2633925
669371,2633925
704425,2633925
693649,2633925
696834,2633925
705375,2633925
662746,2633925
671701,2633925
681386,2633925
677802,2633925
682038,2633925
691370,2633925
683910,2633925
672135,2633925
676670,2633925
680304,2633925
680993,2633925
698400,2633925
669497,2633925
669487,2633925
687235,2633925
704773,2633925
670947,2633925
677898,2633925
684679,2633925
689105,2633925
665905,2633925
662763,2633925
663852,2633925
699403,2633925
681910,2633925
701006,2633925
679947,2633925
667817,2633925
663133,2633925
674014,2633925
671834,2633925
668502,2633925
695467,2633925
663592,2633925
665048,2633925
700902,2633925
677343,2633925
670941,2633925
681631,2633925
673211,2633925
665728,2633925
691537,2633925
678069,2633925
697294,2633925
681497,2633925
677140,2633925
664184,2633925
671310,2633925
681488,2633925
681433,2633925
689401,2633925
682463,2633925
671691,2633925
680973,2633925
681243,2633925
667694,2633925
676916,2633925
672524,2633925
668370,2633925
679272,2633925
665569,2633925
671318,2633925
674244,2633925
679472,2633925
670754,2633925
684202,2633925
678528,2633925
689750,2633925
674095,2633925
696824,2633925
662796,2633925
675914,2633925
666831,2633925
663709,2633925
662724,2633925
665888,2633925
688303,2633925
694220,2633925
696680,2633925
702140,2633925
675787,2633925
679184,2633925
681623,2633925
682355,2633925
670825,2633925
670174,2633925
663882,2633925
663962,2633925
700236,2633925
676647,2633925
671364,2633925
699316,2633925
664156,2633925
676773,2633925
671360,2633925
673396,2633925
663762,2633925
702848,2633925
663227,2633925
694832,2633925
684698,2633925
682260,2633925
692832,2633925
671861,2633925
694447,2633925
680046,2633925
666922,2633925
688335,2633925
675634,2633925
676298,2633925
705111,2633925
671726,2633925
677935,2633925
667295,2633925
673501,2633925
670609,2633925
679062,2633925
665220,2633925
704604,2633925
670684,2633925
663618,2633925
671440,2633925
676170,2633925
681267,2633925
669606,2633925
664039,2633925
663061,2633925
697951,2633925
689427,2633925
663230,2633925
